,trend
0,4.866573128052611
1,4.860527571858023
2,4.853940407458403
3,4.846357196916304
4,4.837414789539619
5,4.828721061388167
6,4.821985504278305
7,4.819024659363019
8,4.820516326855123
9,4.826626416555328
10,4.837633015560065
11,4.852672569455417
12,4.870983003192745
13,4.891269321367498
14,4.911067164198135
15,4.928605128577257
16,4.942167394419846
17,4.951332763435519
18,4.956341182712384
19,4.957463016361397
20,4.954370915254326
21,4.94551411587771
22,4.927495372896062
23,4.900701494651467
24,4.865564604877955
25,4.823203888875399
26,4.7754475540656225
27,4.7261093054399
28,4.679768193268216
29,4.639924449504656
30,4.6090284509825175
31,4.589755621754157
32,4.582525743090066
33,4.5867649989971415
34,4.5996604948928494
35,4.619282608070284
36,4.646451928013228
37,4.68035199257542
38,4.721637307155592
39,4.770537157157111
40,4.825579804666376
41,4.885436926046557
42,4.948264210282912
43,5.010413948281917
44,5.070145765818622
45,5.125087779950401
46,5.172824266630991
47,5.21211132195166
48,5.2422220268370285
49,5.266046892635494
50,5.2844500419286735
51,5.298754317990291
52,5.311354782817863
53,5.3232097769601605
54,5.3332080442266925
55,5.340661322316369
56,5.3434230939004586
57,5.341633928323786
58,5.337094755497485
59,5.331392984127486
60,5.325280338697537
61,5.317426423076304
62,5.306922540920766
63,5.293286604373479
64,5.277094698988925
65,5.2587396061938545
66,5.241565923228149
67,5.226256535077823
68,5.214593348026869
69,5.206966858024859
70,5.203008440178842
71,5.201595115309607
72,5.201477023962829
73,5.200653309737113
74,5.198872193091097
75,5.198256486164828
76,5.200179705977675
77,5.2058914592451515
78,5.215891240366537
79,5.230549861579087
80,5.248853203094827
81,5.269643051462298
82,5.290355659978102
83,5.308258755031684
84,5.319188590724996
85,5.321288759438097
86,5.314378360681841
87,5.299325688492431
88,5.278677550430638
89,5.25541867550193
90,5.23110961924275
91,5.2071513005173555
92,5.184175194677975
93,5.163933307514019
94,5.146187535318229
95,5.1299723160661514
96,5.115480720523759
97,5.102824586759486
98,5.09204357739144
99,5.083113089671001
100,5.077200993613687
101,5.074173213553966
102,5.074472423205301
103,5.080369938022686
104,5.091590528196612
105,5.107808732706307
106,5.127391846450877
107,5.1480147838714885
108,5.166647839505274
109,5.182043798649451
110,5.19347629170154
111,5.200105171684912
112,5.200969368940623
113,5.1943577480774215
114,5.179058567848468
115,5.153738613414372
116,5.116952758330839
117,5.0684097895201905
118,5.009620398430796
119,4.941427520392573
120,4.867168077986419
121,4.79021560159299
122,4.714026641544198
123,4.64093886342096
124,4.573468666153227
125,4.515606861881314
126,4.46973584482919
127,4.437290754932146
128,4.419413147222456
129,4.416971270010559
130,4.429946238389881
131,4.457433560410091
132,4.498885027721867
133,4.552841536000631
134,4.6169071777794795
135,4.688965519631504
136,4.7652645611436855
137,4.843496698453236
138,4.920876037346651
139,4.994089498173893
140,5.060498453761581
141,5.118717970999974
142,5.1660753052457276
143,5.201073513123628
144,5.222736854192679
145,5.2293389170661815
146,5.222139079823569
147,5.203503383721109
148,5.175659033090177
149,5.141331042647329
150,5.102509640213438
151,5.062971721707723
152,5.025805114524264
153,4.994683288731074
154,4.973263586199588
155,4.964581671745784
156,4.971064920444264
157,4.993287843824789
158,5.031218037841837
159,5.0829522935475
160,5.146567890720218
161,5.219465263954962
162,5.300828242915005
163,5.387828491473645
164,5.478699655852366
165,5.568932989465479
166,5.653720558442388
167,5.729773845794083
168,5.795270759182527
169,5.8516830976160605
170,5.898110615878535
171,5.933120766817792
172,5.958469684146748
173,5.974705301099057
174,5.983026507355782
175,5.9833980017848045
176,5.975795091686906
177,5.958953460611753
178,5.931623920176708
179,5.891332936086254
180,5.83752470909476
181,5.772836356871545
182,5.701881544142742
183,5.62691591291144
184,5.548506429215636
185,5.46620323664776
186,5.3804636622819775
187,5.290828656169547
188,5.197851378572803
189,5.10252822184398
190,5.008231921223698
191,4.918896131813925
192,4.839074363765862
193,4.772120817148323
194,4.720865270552765
195,4.686404927059929
196,4.668136448956462
197,4.667527495449596
198,4.68437814046597
199,4.717446253247566
200,4.7644369666985735
201,4.821982009814901
202,4.887485338488273
203,4.957212169854276
204,5.0306230427119445
205,5.107205238254153
206,5.183926898272084
207,5.260189161283008
208,5.335903211492775
209,5.4101926148814385
210,5.4813459979218635
211,5.546145616702619
212,5.601697886063572
213,5.64476787983415
214,5.672994610664988
215,5.684864111281824
216,5.680941792778732
217,5.660740026180234
218,5.627095593890365
219,5.583057315796804
220,5.5331570770410465
221,5.481562351942216
222,5.43273239164628
223,5.390825470829241
224,5.3603544064223225
225,5.343087749437478
226,5.339318829382648
227,5.347876545922373
228,5.3680027244528326
229,5.397471767529005
230,5.435703076003082
231,5.481242630872545
232,5.530489098712377
233,5.579540369453265
234,5.6266627773392
235,5.669135443883262
236,5.706970826362701
237,5.741638172402332
238,5.773539872860498
239,5.802614794737789
240,5.8276933426142605
241,5.846479286823259
242,5.855534089358998
243,5.852140162661426
244,5.836795210364643
245,5.81008934850109
246,5.773339696096727
247,5.729232066334707
248,5.681218935088125
249,5.631047008188617
250,5.581287229633391
251,5.5347411390395385
252,5.495096971505627
253,5.463208748918323
254,5.438996057557102
255,5.423338978233363
256,5.415593219222533
257,5.416099901938638
258,5.42431540203369
259,5.437561032720982
260,5.454142910087538
261,5.4708436745749305
262,5.48228712730593
263,5.482802792106696
264,5.467668763348823
265,5.4368613836588375
266,5.3913147026861745
267,5.332939731715484
268,5.261527910342239
269,5.1797875908295925
270,5.09088867049673
271,4.999138679418571
272,4.907538342250971
273,4.818463921975156
274,4.733099470108444
275,4.652117498216919
276,4.575732330697848
277,4.505000718512111
278,4.4418695799139
279,4.387970207708335
280,4.344032726213093
281,4.311169778366026
282,4.2884039866511054
283,4.2733134924408205
284,4.265171184616002
285,4.263704131124705
286,4.268473667924596
287,4.278251315891392
288,4.291640799858356
289,4.309571937586317
290,4.333417271336195
291,4.364980860907914
292,4.404608380306813
293,4.451167390500165
294,4.505772572217553
295,4.568631626569493
296,4.639011146808871
297,4.716447331421966
298,4.798201996928302
299,4.881714180265266
300,4.965799042122166
301,5.047470671825644
302,5.126264534301014
303,5.201686425303701
304,5.2731632252551925
305,5.339995760561161
306,5.403189130611488
307,5.463535937445707
308,5.5240767898967125
309,5.586937586836498
310,5.652041679143377
311,5.720195581703885
312,5.789298283355098
313,5.858048650695526
314,5.925902238896582
315,5.989903322722996
316,6.04651748804018
317,6.09284163113685
318,6.127193574871687
319,6.150958116083917
320,6.1666905556284695
321,6.177476845537726
322,6.185673756246798
323,6.192902135162337
324,6.201291783593338
325,6.211601939014322
326,6.2225910315350585
327,6.23288524005344
328,6.242846624072647
329,6.252066689820831
330,6.258110164386094
331,6.262134233175399
332,6.263259762742964
333,6.262943785747273
334,6.261853797495102
335,6.2598679534271335
336,6.2598257503606165
337,6.262529267641909
338,6.26736819352339
339,6.27294313546516
340,6.277062595806369
341,6.276739487426501
342,6.267563559082662
343,6.248701597352317
344,6.221028161588509
345,6.185262372645937
346,6.144485208778306
347,6.098536859256414
348,6.04654221009557
349,5.99068956177405
350,5.931888125888815
351,5.871052933060716
352,5.808516583831931
353,5.745942270661474
354,5.683862863143465
355,5.62359501695286
356,5.566652973475154
357,5.513536227210246
358,5.464390114549614
359,5.417164011742733
360,5.371392051217482
361,5.328222637894408
362,5.287947056662045
363,5.252526453260242
364,5.22311700651844
365,5.198217066232792
366,5.179310534070378
367,5.167757426031883
368,5.1660556890342
369,5.174098421602954
370,5.1897999374581225
371,5.209715738806175
372,5.232157702892671
373,5.255306634626415
374,5.2790732403519005
375,5.302583659766984
376,5.324789611794301
377,5.342578700569133
378,5.35451053671939
379,5.360805619185132
380,5.363962877820961
381,5.366255738969491
382,5.369105152174697
383,5.371828157143696
384,5.3741361028634955
385,5.373632945722889
386,5.368938807046377
387,5.36094028756739
388,5.350918401264952
389,5.339928574438359
390,5.328806909386113
391,5.3175520530477005
392,5.307207148044237
393,5.300491866963691
394,5.2999338779265
395,5.3053730416362495
396,5.316461760122818
397,5.332661577265062
398,5.3519862483417615
399,5.3722416151459
400,5.389763528065249
401,5.401905186478115
402,5.405776187557768
403,5.4001099377359285
404,5.383386233327095
405,5.35570980193468
406,5.317570754766265
407,5.271111884403226
408,5.219527501705203
409,5.165842472604087
410,5.112319458343205
411,5.061742468620505
412,5.016825313472473
413,4.978368213892703
414,4.94653587505387
415,4.922756521994968
416,4.907866794833077
417,4.9021266108590345
418,4.905228470616905
419,4.916301045518966
420,4.933282239183363
421,4.954162267074793
422,4.976973043258461
423,5.002900130382653
424,5.03314348294361
425,5.067651242856089
426,5.105100837357999
427,5.1441274116604685
428,5.182050422951276
429,5.216099248785916
430,5.245264485205536
431,5.267151666220795
432,5.281088035539098
433,5.286233867076465
434,5.282198754726702
435,5.269663396216696
436,5.251632115051629
437,5.231565695114044
438,5.212142650214581
439,5.194646765604436
440,5.178979237378421
441,5.164919607402842
442,5.152760555520649
443,5.143316686820162
444,5.136682131042503
445,5.130986444999528
446,5.127398759171195
447,5.125131337509336
448,5.125191819741307
449,5.127884638508521
450,5.133435981565047
451,5.14011710876589
452,5.14799088247757
453,5.1589075918736285
454,5.173375031826052
455,5.191801679961912
456,5.213237654513384
457,5.237238197662666
458,5.262600278057884
459,5.286722590473626
460,5.308089704510697
461,5.322506988150857
462,5.3274622533105465
463,5.322116745038613
464,5.307927044475589
465,5.286773409796349
466,5.260343644772978
467,5.228896319796437
468,5.192527290479704
469,5.152439352235885
470,5.110964970921532
471,5.069716337798052
472,5.02961129102003
473,4.991524096030927
474,4.955685511217315
475,4.921706592405746
476,4.891726091978264
477,4.866056695696657
478,4.843828760515225
479,4.826131357953464
480,4.814151166555548
481,4.809183532766928
482,4.813889958553961
483,4.831051206175022
484,4.861064356664391
485,4.905057084052491
486,4.962993897146832
487,5.034273644077385
488,5.118943301788401
489,5.215778426196586
490,5.324105233655027
491,5.442490079000439
492,5.567421751298504
493,5.695737483315527
494,5.823294869223255
495,5.944891667266357
496,6.0529360763962385
497,6.1411207382722575
498,6.2037302095060225
499,6.237460846247724
500,6.243881673266612
501,6.226913302303032
502,6.18969891905154
503,6.1346148883927505
504,6.065794013382876
505,5.985409962772877
506,5.895595284055354
507,5.79786664349617
508,5.695055960308656
509,5.58949648705396
510,5.482462066318041
511,5.374858105382444
512,5.2685384727372675
513,5.165122750556748
514,5.066062684469659
515,4.973956818385681
516,4.891987407036698
517,4.8221029821431
518,4.76444458329588
519,4.718639435722192
520,4.683211986784627
521,4.657487534198456
522,4.640364368187203
523,4.630329849265524
524,4.625471110217958
525,4.622856327673254
526,4.621662758816268
527,4.621928375627062
528,4.624552610861437
529,4.6312961920404305
530,4.641654501303288
531,4.65347836066923
532,4.667342558094166
533,4.682788457558588
534,4.698315333944174
535,4.713870719346627
536,4.730215698777936
537,4.746415188050499
538,4.761077718164976
539,4.773595310629497
540,4.78413431337834
541,4.79112757727664
542,4.79564286924367
543,4.798878501462904
544,4.800285509324545
545,4.8000656291553785
546,4.798545418838866
547,4.795551395240242
548,4.790410984337965
549,4.782579392488476
550,4.7710178191829975
551,4.754198351792456
552,4.732611191550786
553,4.708775165722058
554,4.6828762195756175
555,4.654657313902241
556,4.625934611855465
557,4.599365115767637
558,4.5772146188386955
559,4.561999311071222
560,4.554624623331025
561,4.55626973691449
562,4.567767192728416
563,4.5877268630940335
564,4.616278765837114
565,4.6531855894939955
566,4.69907484837237
567,4.754165815786496
568,4.816365843270396
569,4.884360928723228
570,4.955701841392106
571,5.028011624943694
572,5.100816009393789
573,5.172373217492596
574,5.240253461984449
575,5.302544222352749
576,5.357182819667156
577,5.402542484858364
578,5.438023209594773
579,5.46527339649175
580,5.485042683658663
581,5.49841491333207
582,5.507420776071243
583,5.511904453114617
584,5.512642987715587
585,5.510093482844347
586,5.505017639603765
587,5.49723335066993
588,5.486242872694178
589,5.471237691483672
590,5.452355391050142
591,5.430689031848142
592,5.406423952212817
593,5.380101309834409
594,5.351383247433022
595,5.320319344410116
596,5.288614565637504
597,5.257148676396744
598,5.227246057865871
599,5.200070373300173
600,5.179143257168771
601,5.166611299957479
602,5.16325912761638
603,5.16976723403308
604,5.187339076140432
605,5.217697006350018
606,5.260571290150828
607,5.314306132402889
608,5.37645788090988
609,5.445011442142731
610,5.516466436396799
611,5.5882943518160975
612,5.659518885021891
613,5.727546048665561
614,5.78874465609535
615,5.840903804379089
616,5.882569625174545
617,5.913012685261753
618,5.934076945405011
619,5.948910733440329
620,5.960078579112835
621,5.967676942959257
622,5.972452236404373
623,5.975171072783612
624,5.976617282784648
625,5.975715215174675
626,5.971403832919141
627,5.96388727697401
628,5.952137560899672
629,5.937649268708407
630,5.919446898436932
631,5.897843917329022
632,5.873829138316928
633,5.848455221884579
634,5.822853685304445
635,5.797625761335318
636,5.772858399182679
637,5.747515031951167
638,5.7207010562459395
639,5.694179671777186
640,5.668638640094941
641,5.64495686045438
642,5.624220332960617
643,5.605861959680982
644,5.588299504974707
645,5.570822069476222
646,5.55297606662935
647,5.53332614608449
648,5.511341347450404
649,5.486782381494551
650,5.461590370642233
651,5.436152198330311
652,5.4105662540139985
653,5.38653333202455
654,5.367997622784458
655,5.357411733383701
656,5.356998272398019
657,5.368131466069789
658,5.390712416721141
659,5.42503714450791
660,5.469907474325482
661,5.525734582853922
662,5.5932609546018455
663,5.671650489963582
664,5.758446301236839
665,5.850771719163101
666,5.944026045545576
667,6.034326849862999
668,6.116576685315639
669,6.184406650822604
670,6.233874984874679
671,6.260924671805887
672,6.264477524084706
673,6.247042276259737
674,6.212837364427028
675,6.1653018232599575
676,6.107116664079141
677,6.039609584565656
678,5.964041334485525
679,5.884147907614425
680,5.803062771893977
681,5.722741802823538
682,5.6452639616700395
683,5.572881496073645
684,5.508068363698469
685,5.452315471273584
686,5.406796182800747
687,5.371151165112169
688,5.3460168374258075
689,5.3317976494814285
690,5.326806790495403
691,5.33102507615318
692,5.34360406789615
693,5.364738436493104
694,5.3950331001704015
695,5.432990015631595
696,5.476239243892634
697,5.524640227209698
698,5.577129758311538
699,5.632941729784898
700,5.6921993281175745
701,5.754005151216251
702,5.815154172407538
703,5.871970111798526
704,5.922142218138558
705,5.964064758857101
706,5.995555662497291
707,6.015705317127978
708,6.02485688852895
709,6.023968726656791
710,6.0146086459127535
711,5.997704480243927
712,5.974799933193706
713,5.947440143005333
714,5.916560997963804
715,5.882506236264734
716,5.843796745480015
717,5.79902684678387
718,5.750013488384597
719,5.698699226711252
720,5.6478078597626515
721,5.599001498520916
722,5.552287374055815
723,5.507298341500545
724,5.463322076379516
725,5.419954192753704
726,5.376500728386349
727,5.332630249670213
728,5.287776010042821
729,5.241163369035647
730,5.193712826173888
731,5.148694153877093
732,5.108006054048454
733,5.074704294744992
734,5.049277140239948
735,5.031541164622349
736,5.019407143768575
737,5.009516140327115
738,5.002247087481605
739,4.9973479708279775
740,4.993940371532489
741,4.9917725282796255
742,4.989346467021669
743,4.986419355880728
744,4.9858800214370245
745,4.98875077817335
746,4.997937765559104
747,5.016354153827325
748,5.044414402107577
749,5.081897748183284
750,5.129180670836552
751,5.185963462756876
752,5.249365678714477
753,5.315765646315356
754,5.382010839616316
755,5.444126379145213
756,5.499773628655141
757,5.546961372912225
758,5.58463603816468
759,5.610777199802651
760,5.622374035692429
761,5.6185339879504275
762,5.5992255149207475
763,5.569030491205025
764,5.532156275458074
765,5.493079582277705
766,5.455944528589569
767,5.422087056580395
768,5.39318314310654
769,5.371894960614001
770,5.358763942084335
771,5.353474086148715
772,5.356110163974511
773,5.365286025425247
774,5.380017951511967
775,5.3984689194798205
776,5.417939395354269
777,5.435480802086095
778,5.450383350503987
779,5.462290075935328
780,5.471812524113435
781,5.480523309474167
782,5.48720016362581
783,5.489070491108235
784,5.483057196359045
785,5.465777514758901
786,5.434796770940742
787,5.38926417859078
788,5.329307203413393
789,5.2566850210013385
790,5.1748259899452425
791,5.0851230406976065
792,4.990734837467211
793,4.8947668425624
794,4.801580309018103
795,4.713727260592647
796,4.633258733351225
797,4.563654683821164
798,4.508624281821441
799,4.470274412993648
800,4.449144072803232
801,4.44547833520752
802,4.459866559118332
803,4.491994679487987
804,4.540011214669352
805,4.602382186340617
806,4.677236109170805
807,4.761700008962476
808,4.853102638949959
809,4.947046689861979
810,5.0373516632779225
811,5.119120156596006
812,5.190556422424896
813,5.252915263275387
814,5.30795738389426
815,5.356660416988749
816,5.3985595219011495
817,5.435466945213143
818,5.470820833805222
819,5.506537167717124
820,5.543612663967457
821,5.5839774538450015
822,5.627346910723562
823,5.6730714220682845
824,5.719484283525117
825,5.764498121101213
826,5.805575883126524
827,5.840952706605314
828,5.870235243614898
829,5.893754550790959
830,5.912547787741915
831,5.92709351748194
832,5.938549960657873
833,5.947495904468122
834,5.95267354238568
835,5.950982882943253
836,5.938103513709552
837,5.910995657951454
838,5.8691582242397615
839,5.812770748859054
840,5.7452195442037635
841,5.670632940950284
842,5.590173507559882
843,5.506459666905732
844,5.422990983418782
845,5.342325484238167
846,5.26488182713838
847,5.190864716466271
848,5.123438305426728
849,5.06377245677685
850,5.014834884332848
851,4.978303444125448
852,4.954596720382668
853,4.94414685767995
854,4.948039377642496
855,4.964894710109462
856,4.993365760308982
857,5.030252374275369
858,5.072983544442748
859,5.118969355511318
860,5.167449277466003
861,5.216963424444529
862,5.267822254786209
863,5.320825624690075
864,5.376606001445915
865,5.436220336328088
866,5.49924020186004
867,5.564339532855016
868,5.629255239000093
869,5.689496517774318
870,5.742054282132363
871,5.782238509705298
872,5.806145394197856
873,5.809382230246204
874,5.788302471615138
875,5.745003708175552
876,5.68296584075358
877,5.605203142857752
878,5.513678034346121
879,5.412474683112457
880,5.306606208279059
881,5.20082793229129
882,5.099078548714335
883,5.005796233655698
884,4.923482239129935
885,4.853384194505571
886,4.795547552751668
887,4.751984401715726
888,4.722959612024771
889,4.708268064054758
890,4.707252788424124
891,4.718814148211267
892,4.743910473501823
893,4.783675835538791
894,4.84002936151923
895,4.913150381242991
896,5.002693206158972
897,5.107116428727798
898,5.223001958156239
899,5.34498975588311
900,5.46820540712338
901,5.587558878494589
902,5.700167508234825
903,5.8040314102831205
904,5.899838093885858
905,5.985897548658
906,6.059957365405832
907,6.119148948967723
908,6.1624412308286685
909,6.190603674380558
910,6.204304217246014
911,6.2034666697511724
912,6.189762152086389
913,6.164109617773427
914,6.127934418988991
915,6.081309339398673
916,6.0236022036561945
917,5.954755018078157
918,5.875320037603878
919,5.785877795286373
920,5.687711749155159
921,5.580989183617703
922,5.4673225632382465
923,5.348586234341267
924,5.227612466649219
925,5.105765663488091
926,4.9836429703922125
927,4.863025429356233
928,4.748829305518306
929,4.646681473123241
930,4.560490788099896
931,4.491886930456427
932,4.440274273458428
933,4.404749761039958
934,4.386010165714161
935,4.384499291393534
936,4.400419685637003
937,4.433108583946375
938,4.481027959519931
939,4.542369092690983
940,4.615647621318143
941,4.70091520257709
942,4.796588713880183
943,4.901271960638171
944,5.01182088031563
945,5.1245281154017395
946,5.2356789203354825
947,5.342105719483715
948,5.441743637888084
949,5.53356398451556
950,5.619386978559431
951,5.700074361722669
952,5.777975758846644
953,5.856253248296655
954,5.936332673588719
955,6.017854719958665
956,6.099874864721326
957,6.181437425991563
958,6.2608993000937785
959,6.337128984961133
960,6.408831916464232
961,6.474502824858076
962,6.531755920449884
963,6.579783849281331
964,6.61682190994382
965,6.6444930361229435
966,6.664034647810586
967,6.675656356851055
968,6.679152753433782
969,6.674521142525167
970,6.662584358620714
971,6.646243660501849
972,6.627361191725864
973,6.606770193562239
974,6.583036806535628
975,6.557472939799709
976,6.531651104504077
977,6.5049203912109546
978,6.476922608542248
979,6.447608989875351
980,6.415382691957319
981,6.379617115916533
982,6.3406760486988984
983,6.2968110165528834
984,6.247310623196515
985,6.190027965462477
986,6.127036571043952
987,6.060291200155713
988,5.990417215155625
989,5.917377296401457
990,5.843015113491506
991,5.768600975213814
992,5.694878305910491
993,5.623360154314138
994,5.553875270216162
995,5.484612803311526
996,5.41466573125131
997,5.34219914868452
998,5.268243984178133
999,5.196117291831197
1000,5.128968473252653
1001,5.069824356744047
1002,5.019131165311143
1003,4.979166481736739
1004,4.950945931825309
1005,4.934248162330245
1006,4.927007478797549
1007,4.927199281671758
1008,4.933469591723165
1009,4.942634930171021
1010,4.952803399739749
1011,4.962118956322416
1012,4.971255053687255
1013,4.9809088212547925
1014,4.9911703540370045
1015,5.002766679032579
1016,5.0151803417689305
1017,5.027267158599079
1018,5.039123458162438
1019,5.050203527124296
1020,5.061187199988589
1021,5.0714729340548015
1022,5.081670944622427
1023,5.092346776407172
1024,5.104639929784354
1025,5.119007188394036
1026,5.135214935920166
1027,5.152955176553943
1028,5.173085405151622
1029,5.195742519584113
1030,5.220330239344102
1031,5.2467549448495365
1032,5.27416031011877
1033,5.300285787329624
1034,5.325199478466094
1035,5.348156806895092
1036,5.371334946309492
1037,5.39481847239786
1038,5.417834876507317
1039,5.439364888439736
1040,5.457503091199174
1041,5.471944464734411
1042,5.481473049562227
1043,5.4845779209089445
1044,5.48132223334491
1045,5.473341280239901
1046,5.461344528567856
1047,5.447620607002566
1048,5.434169803887467
1049,5.422712644686617
1050,5.416573298736647
1051,5.418811739971259
1052,5.430977584012445
1053,5.452483689144714
1054,5.483723552662566
1055,5.524807869554787
1056,5.574295007589755
1057,5.629790329617373
1058,5.689165264107799
1059,5.751147620575181
1060,5.8159094802436
1061,5.885028457074275
1062,5.9595722216032705
1063,6.038805301580982
1064,6.119517492119302
1065,6.200349335016628
1066,6.278616673638787
1067,6.3527601330172185
1068,6.4197962027623445
1069,6.475270897401451
1070,6.515717858835096
1071,6.537998684652964
1072,6.541152648782969
1073,6.525757775975114
1074,6.494553870573915
1075,6.452452138313907
1076,6.404054688760509
1077,6.351180848892701
1078,6.295397411508983
1079,6.239926681377299
1080,6.186556339883405
1081,6.136299114237196
1082,6.089426133936136
1083,6.044873341531296
1084,6.002770788240031
1085,5.963845479441243
1086,5.926947688771181
1087,5.892200286441449
1088,5.8585218003581705
1089,5.825523133248439
1090,5.7904036117141295
1091,5.750471610398835
1092,5.705041501688826
1093,5.65670861321388
1094,5.608877621665216
1095,5.5657927608507975
1096,5.529442716065041
1097,5.500212552126831
1098,5.476906432157514
1099,5.459265886433355
1100,5.448609378710525
1101,5.444093331566176
1102,5.44646878671576
1103,5.454959227542505
1104,5.468509094437934
1105,5.486403478276355
1106,5.505759651748049
1107,5.5258908853693764
1108,5.545169349874357
1109,5.562888534193651
1110,5.578001196414255
1111,5.589733289289293
1112,5.597574514824128
1113,5.605645991718319
1114,5.617695354599659
1115,5.636466709351113
1116,5.663068102259024
1117,5.696959787916391
1118,5.7390626033522985
1119,5.7879867857283855
1120,5.841255658079193
1121,5.895275051698185
1122,5.947800013092525
1123,5.997276041862069
1124,6.042181262598486
1125,6.080995502367284
1126,6.114047224944842
1127,6.143489271918559
1128,6.170778205360247
1129,6.1954059065467675
1130,6.216132520376632
1131,6.232221063056765
1132,6.243424467968854
1133,6.249975530330177
1134,6.251954905065523
1135,6.252412012393228
1136,6.252363800715962
1137,6.251419460928649
1138,6.250280456550762
1139,6.249491113938696
1140,6.2500643341635005
1141,6.25223208635002
1142,6.256070049414239
1143,6.2633712572181715
1144,6.275143699842944
1145,6.29285576033393
1146,6.316553856924095
1147,6.346101372996199
1148,6.381163845772424
1149,6.423065499116827
1150,6.472267329489862
1151,6.527715917415033
1152,6.5893126763349175
1153,6.655379197243709
1154,6.7232437507128955
1155,6.789199995315687
1156,6.851589562281095
1157,6.908260832841066
1158,6.954654944751114
1159,6.988145372746239
1160,7.006758932220967
1161,7.010404847711866
1162,6.998988119422865
1163,6.974907244528074
1164,6.941186352626962
1165,6.901490256291164
1166,6.8576455266219245
1167,6.813415303310304
1168,6.770776697593222
1169,6.731823436143029
1170,6.697542510196072
1171,6.669713521341109
1172,6.648430107098021
1173,6.633992334035857
1174,6.624419999906724
1175,6.617961657253961
1176,6.613725596120961
1177,6.610433880515334
1178,6.605174995947116
1179,6.593405906751021
1180,6.572705342889302
1181,6.539656155632493
1182,6.495483255411817
1183,6.43982426756123
1184,6.372007140380054
1185,6.29295993200039
1186,6.207753196091602
1187,6.121274386365554
1188,6.036406110786551
1189,5.954080180827418
1190,5.8758306541417396
1191,5.801970288270073
1192,5.734764446594144
1193,5.674102261065505
1194,5.621288635856585
1195,5.576582161226648
1196,5.539853122037545
1197,5.5099864393003575
1198,5.484279625824893
1199,5.461586452896397
1200,5.441083017033975
1201,5.4235319232236705
1202,5.41067009956588
1203,5.402719766708982
1204,5.39839647648913
1205,5.397414080888281
1206,5.398612434090591
1207,5.401208006479655
1208,5.404168135667765
1209,5.407459404263167
1210,5.409545789789313
1211,5.4117616076419885
1212,5.415185207098363
1213,5.418762586430827
1214,5.421180253157337
1215,5.420862988179333
1216,5.418472334740027
1217,5.414406796715023
1218,5.408178332770708
1219,5.3996648973255175
1220,5.386614333339905
1221,5.369024693213496
1222,5.3491523953875815
1223,5.330273217870193
1224,5.314194718422245
1225,5.3043930340434855
1226,5.301647930034647
1227,5.304673926050181
1228,5.312622011788269
1229,5.323202755743307
1230,5.3351813376523225
1231,5.348370935530001
1232,5.362375239054998
1233,5.3765802060712655
1234,5.391395309898345
1235,5.4101196612269815
1236,5.435182748679235
1237,5.4675077360888995
1238,5.507120798071839
1239,5.554380916908869
1240,5.609955124382005
1241,5.6741639642002015
1242,5.745071758119669
1243,5.820321475418989
1244,5.89771541552792
1245,5.975168176954083
1246,6.050658286070397
1247,6.121554789139186
1248,6.185195070993978
1249,6.240715544725094
1250,6.289636876503481
1251,6.332704285284634
1252,6.369231966976235
1253,6.397701177307663
1254,6.418237402028939
1255,6.431967563654268
1256,6.4410071863215865
1257,6.446576814441553
1258,6.450246362933372
1259,6.45455663620722
1260,6.458642034696439
1261,6.464477860936739
1262,6.47187776619214
1263,6.47849010306358
1264,6.479168300548126
1265,6.471591731328435
1266,6.4543902878993205
1267,6.427774117923513
1268,6.392294375133808
1269,6.351359854439298
1270,6.308759166764622
1271,6.2661863231253925
1272,6.224517360057998
1273,6.1838369476468795
1274,6.1447144326264365
1275,6.105729263638793
1276,6.066620442805685
1277,6.027060891459072
1278,5.987306893154164
1279,5.9469728183890105
1280,5.906305970853443
1281,5.866211796225799
1282,5.827029298952633
1283,5.788556101107853
1284,5.750697931453523
1285,5.714117671188512
1286,5.67963401530453
1287,5.6463693352487985
1288,5.613646231208971
1289,5.582883322538171
1290,5.556365699695019
1291,5.5366391510615465
1292,5.524026736457474
1293,5.517266116233109
1294,5.514767434028473
1295,5.516492542160937
1296,5.522081563301609
1297,5.5302268122827405
1298,5.5392943029595205
1299,5.548568657429464
1300,5.556997438850736
1301,5.561935354970611
1302,5.55976399013708
1303,5.5508887191012795
1304,5.5378650641205125
1305,5.524779242002645
1306,5.512881303890471
1307,5.501218313900529
1308,5.490391785334426
1309,5.48193997004758
1310,5.475844625029576
1311,5.473036294788717
1312,5.4716481209426595
1313,5.469517597424823
1314,5.465437438093039
1315,5.4560319083067474
1316,5.441384375026583
1317,5.423168185270487
1318,5.403405820822009
1319,5.385730283348904
1320,5.37227244588091
1321,5.364922100020673
1322,5.364711367092165
1323,5.3718192921068475
1324,5.384321975471746
1325,5.401313130536321
1326,5.422896269415362
1327,5.450174083517075
1328,5.48523495408128
1329,5.5280109035456
1330,5.578130682501359
1331,5.633643034725162
1332,5.692235372317052
1333,5.753074080480376
1334,5.815517897310777
1335,5.876579889603597
1336,5.934638425468356
1337,5.990024010583575
1338,6.0424830016118465
1339,6.094892990209155
1340,6.149480016155478
1341,6.208410811111911
1342,6.2725086817294535
1343,6.341841677902162
1344,6.4169325315980075
1345,6.495590323736277
1346,6.5753635524040055
1347,6.652865971735896
1348,6.724351733646396
1349,6.785041948817618
1350,6.8328300080981474
1351,6.869493651118564
1352,6.896290098754383
1353,6.914558138349172
1354,6.924451375934776
1355,6.927426818706576
1356,6.923738691749991
1357,6.912436578388748
1358,6.893867725264233
1359,6.868434106156339
1360,6.837229027516672
1361,6.802678024480492
1362,6.766683364040854
1363,6.730645639425515
1364,6.695486266759705
1365,6.661045008644009
1366,6.627351948762287
1367,6.593399017667998
1368,6.558411050946623
1369,6.523117009797597
1370,6.48727184851351
1371,6.449053573255835
1372,6.406335645280724
1373,6.3554608673610495
1374,6.29314308249138
1375,6.217748970624184
1376,6.131211997285378
1377,6.0365795348942335
1378,5.939316948371722
1379,5.846116740429507
1380,5.761209340686521
1381,5.687046355798924
1382,5.62560363658495
1383,5.577177629890455
1384,5.540423780288437
1385,5.514886796333211
1386,5.49977362171641
1387,5.492719395881961
1388,5.491671899760217
1389,5.498020964659103
1390,5.514099126949195
1391,5.5406776598981615
1392,5.5769565248193285
1393,5.620547759488584
1394,5.668702803853806
1395,5.721410255513193
1396,5.778240772812533
1397,5.838314132687923
1398,5.902138711592451
1399,5.969698939646272
1400,6.038540410274797
1401,6.106227655066156
1402,6.171551117852058
1403,6.232609850179793
1404,6.288645684147998
1405,6.337505070698947
1406,6.377479057222322
1407,6.410397750438618
1408,6.438480332657557
1409,6.464939487594837
1410,6.490213848758242
1411,6.515076462475812
1412,6.539993991420113
1413,6.563236175474663
1414,6.583360258278346
1415,6.599821460860376
1416,6.611710404088543
1417,6.618992820417596
1418,6.62312712329973
1419,6.62455985567438
1420,6.6245981060289125
1421,6.621658612940903
1422,6.61251774117166
1423,6.597313318849398
1424,6.578925350514106
1425,6.557985519881487
1426,6.535388682323175
1427,6.512305952260883
1428,6.488948826189867
1429,6.466458609385221
1430,6.44379601410567
1431,6.422130215979072
1432,6.400478018124466
1433,6.3769673922759065
1434,6.35072601140612
1435,6.321270943867665
1436,6.290400054255971
1437,6.261585412826552
1438,6.238742589801002
1439,6.227498664517902
1440,6.230831502197208
1441,6.250326781393553
1442,6.2855509109726935
1443,6.335288845562019
1444,6.398772070469559
1445,6.475022515474871
1446,6.560937877813465
1447,6.6537439656486725
1448,6.749066000970197
1449,6.8439956157892095
1450,6.934531275866275
1451,7.017393949702091
1452,7.09059552374994
1453,7.154012013244536
1454,7.208712811218252
1455,7.254421053195188
1456,7.288854429192431
1457,7.312071616068826
1458,7.324575756664974
1459,7.325424949061432
1460,7.314099431490839
1461,7.289251051592679
1462,7.24933534486175
1463,7.1963770648856125
1464,7.134120130661287
1465,7.068060725520248
1466,7.001111207712305
1467,6.93614139753382
1468,6.87539542077633
1469,6.819907314857913
1470,6.770163995058661
1471,6.726139934586881
1472,6.6854532541539635
1473,6.645893237012183
1474,6.6066957581299635
1475,6.5654430092025935
1476,6.519962997076532
1477,6.468980326717484
1478,6.410894626217985
1479,6.3450624109663725
1480,6.273083387209592
1481,6.19634159718774
1482,6.116050406023903
1483,6.032050465342935
1484,5.944109895265919
1485,5.853226784373106
1486,5.761059152560202
1487,5.66935675298268
1488,5.580018676825662
1489,5.4989006673036585
1490,5.432120955958167
1491,5.384235961413621
1492,5.357032026696974
1493,5.3501803473592995
1494,5.362503973934984
1495,5.3913570942413065
1496,5.432617331111843
1497,5.484417709196268
1498,5.544620867312305
1499,5.610161683209434
1500,5.67763464659506
1501,5.745127896124579
1502,5.8121810487992684
1503,5.878493016685323
1504,5.942005098693443
1505,6.001984535598895
1506,6.057734814990264
1507,6.10793318412138
1508,6.151220805986709
1509,6.186796385340639
1510,6.213764113933815
1511,6.231736435776049
1512,6.239567192305942
1513,6.23971538968974
1514,6.2332403045985
1515,6.221676391584716
1516,6.207037330010515
1517,6.19307325149328
1518,6.181529889319139
1519,6.172782305992037
1520,6.168342107835095
1521,6.167737912230189
1522,6.168518122741793
1523,6.168751306739237
1524,6.1682757077651305
1525,6.164949099795377
1526,6.155899084488528
1527,6.13940017031576
1528,6.1130044288204495
1529,6.076051806439526
1530,6.029061621841903
1531,5.975630661317467
1532,5.918712547642453
1533,5.860026134429766
1534,5.800716079950035
1535,5.742014526139865
1536,5.685278167385893
1537,5.63202493899592
1538,5.5827194774231295
1539,5.5368064035338325
1540,5.49336613852095
1541,5.453018599575198
1542,5.415450350050707
1543,5.380689816676884
1544,5.349755769714347
1545,5.3240540482883
1546,5.30539689416787
1547,5.294769015342002
1548,5.294214246740783
1549,5.304342192659714
1550,5.324953573490085
1551,5.355033895752772
1552,5.393990569985222
1553,5.44100911054004
1554,5.4956537876635885
1555,5.556588240908142
1556,5.621541326208691
1557,5.689144031849654
1558,5.7576388827865745
1559,5.825462688955086
1560,5.889328735989087
1561,5.94418439534188
1562,5.9869212080067715
1563,6.01634059972998
1564,6.032502170502714
1565,6.037955307441354
1566,6.035854083805711
1567,6.027453850788448
1568,6.01211255077985
1569,5.98979596751346
1570,5.9592123143785845
1571,5.920951182284834
1572,5.876252654445333
1573,5.8289062195842725
1574,5.781528708516824
1575,5.733718885670916
1576,5.687087060031659
1577,5.641534966280618
1578,5.599034909686842
1579,5.560533236165454
1580,5.524726894813024
1581,5.492462501453521
1582,5.465508717601657
1583,5.445326415708737
1584,5.434335525277568
1585,5.4340526468011365
1586,5.443847921069134
1587,5.461570205966993
1588,5.485415954429479
1589,5.513293138012628
1590,5.542806343300955
1591,5.5743643486677215
1592,5.609286678521627
1593,5.6479088795534516
1594,5.690185694279904
1595,5.736291922167972
1596,5.784095996625713
1597,5.832881168609832
1598,5.879565629079141
1599,5.921797018262071
1600,5.9591732478688755
1601,5.990716106473394
1602,6.014847899369547
1603,6.029371734284714
1604,6.031456439009167
1605,6.021377483999251
1606,6.0012656794369255
1607,5.975738474576659
1608,5.94878752762327
1609,5.92316966023497
1610,5.90167370186521
1611,5.885261500929788
1612,5.876206359780837
1613,5.875603292332409
1614,5.885874683523692
1615,5.906395666236163
1616,5.937862701674096
1617,5.981030753750369
1618,6.0373186221893205
1619,6.10628196249419
1620,6.186203106029353
1621,6.275297957932626
1622,6.372291046400552
1623,6.475734838405972
1624,6.583949119017721
1625,6.694331339030631
1626,6.804538981040153
1627,6.911170570554838
1628,7.01094679622009
1629,7.099393865074713
1630,7.173281142409872
1631,7.234315872351059
1632,7.280971998309763
1633,7.31345201627725
1634,7.331782814745843
1635,7.336420374697692
1636,7.327613312855734
1637,7.306649983208722
1638,7.279613981424875
1639,7.251772246932902
1640,7.226341960423117
1641,7.203882944931504
1642,7.184188559768774
1643,7.165674737405058
1644,7.14726729246063
1645,7.1284134928448895
1646,7.108468564409447
1647,7.08608247457289
1648,7.059837397901046
1649,7.029511707413138
1650,6.994221377754703
1651,6.951813938754144
1652,6.90076553187877
1653,6.8414574148841645
1654,6.775582867068489
1655,6.70243425684561
1656,6.623319213337471
1657,6.541606344255488
1658,6.458399682802746
1659,6.374464758217165
1660,6.292780599934918
1661,6.215467196918292
1662,6.14758655025461
1663,6.0921909940331265
1664,6.051615620749188
1665,6.027512903526872
1666,6.0202530557272835
1667,6.028314095146825
1668,6.0495363814220635
1669,6.0811175778800965
1670,6.120224387609634
1671,6.163347815213207
1672,6.206903725051092
1673,6.248455889099054
1674,6.2854387645047
1675,6.315756523484951
1676,6.337134939028918
1677,6.348977436298533
1678,6.3511017311188365
1679,6.3449824284171825
1680,6.331874694538978
1681,6.311568081811867
1682,6.284894720879407
1683,6.253742012334027
1684,6.220444297567603
1685,6.187177329214303
1686,6.155979082222314
1687,6.128145545709061
1688,6.104250221865589
1689,6.082911521916872
1690,6.0608077006992165
1691,6.0383151933477315
1692,6.01639743018459
1693,5.996618894536121
1694,5.980533821334789
1695,5.970323558703974
1696,5.966931621128729
1697,5.970695070869912
1698,5.981346637925178
1699,5.99801236787289
1700,6.017954964642706
1701,6.038438374434366
1702,6.057965321594711
1703,6.075639506486555
1704,6.090528401146715
1705,6.103527202920452
1706,6.118599528902313
1707,6.1371442916850185
1708,6.158611279155728
1709,6.184864564019302
1710,6.2151690869311205
1711,6.246799248194056
1712,6.276894967431643
1713,6.30306691473729
1714,6.32400270084976
1715,6.339450519686105
1716,6.350206063475351
1717,6.354977867871715
1718,6.3560055897397465
1719,6.354057024776577
1720,6.350302465185749
1721,6.347565917530318
1722,6.3472024493326
1723,6.350349899416452
1724,6.356679105074899
1725,6.3631419349138305
1726,6.367092333098464
1727,6.366907280084698
1728,6.361359323620242
1729,6.352116694402752
1730,6.339996773552624
1731,6.326221869256255
1732,6.313676791716569
1733,6.303792462468204
1734,6.2971787550509735
1735,6.29425567271565
1736,6.293382481991095
1737,6.293984539610729
1738,6.295928838256723
1739,6.297023630273997
1740,6.294892212483562
1741,6.289472241937507
1742,6.279267068055108
1743,6.264474120104433
1744,6.2457412854360195
1745,6.2254261550753345
1746,6.206357731744447
1747,6.189974126818505
1748,6.179459478090317
1749,6.177254189523432
1750,6.185686502907587
1751,6.208223876164066
1752,6.245092713149835
1753,6.295139277799257
1754,6.356431651100978
1755,6.42560345199502
1756,6.497815529639466
1757,6.5692127310349
1758,6.637503768475886
1759,6.700041596300089
1760,6.757530728989879
1761,6.808363155029942
1762,6.849207406199343
1763,6.878726787305258
1764,6.898178848525982
1765,6.90827193579775
1766,6.910403033276468
1767,6.906026455158173
1768,6.895402513743107
1769,6.878225254797042
1770,6.856129097514657
1771,6.83019957030639
1772,6.803487120896726
1773,6.7785233222787085
1774,6.75608756799482
1775,6.737722674511117
1776,6.72449890356366
1777,6.7151504402169335
1778,6.709208657720696
1779,6.7057579602995645
1780,6.70531449676708
1781,6.707953317211593
1782,6.714558650160975
1783,6.726197253319842
1784,6.7428642852364575
1785,6.76472603117576
1786,6.790234486224419
1787,6.816738691699615
1788,6.842968792364649
1789,6.869019471300507
1790,6.895083556092944
1791,6.920810737158154
1792,6.946541277689774
1793,6.973289934170717
1794,7.000229874785346
1795,7.025925961509165
1796,7.048317912645933
1797,7.066579242773465
1798,7.081103267774173
1799,7.094116691503728
1800,7.105920528275446
1801,7.114256969470452
1802,7.1174270061396925
1803,7.1124102187281935
1804,7.096112795802145
1805,7.067245669541027
1806,7.025084701626941
1807,6.970738725198528
1808,6.907800895455911
1809,6.837382655895965
1810,6.760653074455901
1811,6.677632854912993
1812,6.587867292872981
1813,6.491728163407286
1814,6.391719824529283
1815,6.290664304150217
1816,6.1917638052910045
1817,6.096163865782472
1818,6.00489017107714
1819,5.919533304211411
1820,5.839805791864768
1821,5.76609545240156
1822,5.698890225566227
1823,5.638824241445452
1824,5.585469823734943
1825,5.539250030979504
1826,5.5008470030841
1827,5.471855848684334
1828,5.452933647038874
1829,5.4456925675009655
1830,5.4508366958944565
1831,5.4700415601885055
1832,5.504075915417339
1833,5.554039740640065
1834,5.6194679674686565
1835,5.700174252677185
1836,5.79371008556005
1837,5.898439346503728
1838,6.009729847091216
1839,6.122387874313947
1840,6.2299636340089215
1841,6.329680839591692
1842,6.419244477206559
1843,6.498028482473075
1844,6.567019763212544
1845,6.6250189594447155
1846,6.670472323837334
1847,6.703310472208493
1848,6.721794975173889
1849,6.724372834304089
1850,6.710289929310175
1851,6.678964406881784
1852,6.628745482502735
1853,6.559433018902544
1854,6.4723089128841655
1855,6.370805415613742
1856,6.259309585186864
1857,6.1413517263143635
1858,6.020925075216329
1859,5.902559523283902
1860,5.788896883736213
1861,5.681389870090344
1862,5.582248135311038
1863,5.493255463694234
1864,5.416456734451306
1865,5.353588542128819
1866,5.306127195814306
1867,5.274078011756465
1868,5.256629976706609
1869,5.253425778658704
1870,5.264572711871269
1871,5.2893946794911635
1872,5.326425226720328
1873,5.372142027086022
1874,5.424693738348803
1875,5.4826214295022995
1876,5.544200735953671
1877,5.60678065471664
1878,5.666120057344955
1879,5.719473577483172
1880,5.770554523740007
1881,5.8226265337382515
1882,5.875971648523361
1883,5.927857767557203
1884,5.976880308021323
1885,6.023554775992541
1886,6.0690361273551705
1887,6.113839596258526
1888,6.157812269272329
1889,6.19948008321864
1890,6.239770342251226
1891,6.280735675471833
1892,6.323653855518304
1893,6.3690021952313085
1894,6.417055723791816
1895,6.4672338440087795
1896,6.518695298863782
1897,6.568431810185898
1898,6.614360915242422
1899,6.656544881419276
1900,6.694662000530354
1901,6.726105223838662
1902,6.747208338856877
1903,6.755101317332771
1904,6.747072125802333
1905,6.723061792478216
1906,6.682544425494447
1907,6.627042219364754
1908,6.558900778336939
1909,6.479448805271694
1910,6.390290690043255
1911,6.293981167022564
1912,6.194081038899291
1913,6.092717370133716
1914,5.993770924536813
1915,5.900439517563216
1916,5.814049857839725
1917,5.735990879294665
1918,5.668392734695207
1919,5.612925582508964
1920,5.569591835744362
1921,5.53926082892076
1922,5.522445901660181
1923,5.518073355566573
1924,5.525367963555345
1925,5.541980702694678
1926,5.565859195075534
1927,5.595237324849686
1928,5.6273703141719835
1929,5.663516361869245
1930,5.703916560321936
1931,5.748397304184349
1932,5.798220040260574
1933,5.852303467039589
1934,5.909692395485205
1935,5.970148946894337
1936,6.0328666848167165
1937,6.098932829710269
1938,6.168164060354909
1939,6.2390652225119805
1940,6.310036059405112
1941,6.37745189849386
1942,6.438744294700656
1943,6.491733895511365
1944,6.535842133227667
1945,6.570183106466543
1946,6.593536012511707
1947,6.604948684205327
1948,6.604972994381757
1949,6.593157722947718
1950,6.570548541688449
1951,6.537820398812346
1952,6.494666649689246
1953,6.441069511939727
1954,6.376702036528313
1955,6.302211605974566
1956,6.218635164025219
1957,6.129320772173269
1958,6.038104844934198
1959,5.949992971340883
1960,5.86809192489812
1961,5.79678973350361
1962,5.738681867601999
1963,5.693990804054492
1964,5.661852343555042
1965,5.640343542545068
1966,5.6283777997512665
1967,5.623218299186245
1968,5.622360488737768
1969,5.62416030485661
1970,5.628459708688082
1971,5.634710561186961
1972,5.642596935990091
1973,5.651406212633573
1974,5.660649147568513
1975,5.668804368363125
1976,5.678937596868387
1977,5.69307155220505
1978,5.713429617495821
1979,5.741802006143279
1980,5.777033038039072
1981,5.81750340682101
1982,5.8617331604781295
1983,5.908981407370202
1984,5.959218672631702
1985,6.011847368017499
1986,6.066295393612064
1987,6.121358244894861
1988,6.173289982724343
1989,6.217018819055904
1990,6.250489659605734
1991,6.272761773328114
1992,6.283987873140072
1993,6.284150195850309
1994,6.273053485846809
1995,6.252824893645153
1996,6.2260459113322675
1997,6.194515015436545
1998,6.1598894037918015
1999,6.124954702347206
2000,6.09302160617456
2001,6.065447713656699
2002,6.044157484672596
2003,6.029159474280195
2004,6.019184639109515
2005,6.012945711119153
2006,6.007893431868267
2007,6.002095451846559
2008,5.995489488148815
2009,5.9873869482124125
2010,5.978977058544643
2011,5.972706928810163
2012,5.969786808012037
2013,5.970819003322831
2014,5.975174705160098
2015,5.982868342064316
2016,5.993304858385233
2017,6.004024905758803
2018,6.011948320284487
2019,6.015867422495649
2020,6.013317065225477
2021,6.005572184168098
2022,5.994524391851874
2023,5.982061818190067
2024,5.968826015351026
2025,5.956719746866734
2026,5.947665260009578
2027,5.942986852210152
2028,5.944666530111541
2029,5.953471933574203
2030,5.9683302858772755
2031,5.987572890341413
2032,6.009550843858595
2033,6.033873010264339
2034,6.0620172841167514
2035,6.092940389342526
2036,6.123060289065781
2037,6.150611858667293
2038,6.172503060847175
2039,6.188672725893872
2040,6.200201869682797
2041,6.20805358763568
2042,6.214940849005705
2043,6.22282158955378
2044,6.232894407010187
2045,6.2455936356117405
2046,6.259333050590862
2047,6.274247931157717
2048,6.289061473365855
2049,6.304200468311847
2050,6.319286043671408
2051,6.335624201827559
2052,6.35494639138603
2053,6.379399295826411
2054,6.409657757133667
2055,6.445534492732871
2056,6.487211183950887
2057,6.535841053056623
2058,6.591647815329016
2059,6.653270285388844
2060,6.717727497972307
2061,6.781630193887233
2062,6.84176553425522
2063,6.89568216132669
2064,6.943527613893156
2065,6.985514629395306
2066,7.020016240515144
2067,7.047914533291303
2068,7.068204083612091
2069,7.080474520782516
2070,7.084272846555328
2071,7.079720766107789
2072,7.065012314088069
2073,7.042041699665523
2074,7.0120374993132035
2075,6.979952013441871
2076,6.947605019025213
2077,6.919953823028514
2078,6.900113479280169
2079,6.8899990704691785
2080,6.890963108359992
2081,6.903176855298013
2082,6.928129721685914
2083,6.964871632391806
2084,7.010622431207743
2085,7.0632489171555335
2086,7.120611250237481
2087,7.179280059882667
2088,7.237000593488775
2089,7.291406048416055
2090,7.340606496653836
2091,7.382529881411182
2092,7.415516266836757
2093,7.438916635903341
2094,7.45119727391694
2095,7.45117514328612
2096,7.438635208123246
2097,7.411205448076137
2098,7.369989695787535
2099,7.316459780495135
2100,7.2537312878767635
2101,7.183472016247437
2102,7.10719118186725
2103,7.025658330986137
2104,6.938951015365369
2105,6.847755750309345
2106,6.75279720673786
2107,6.654895208226767
2108,6.555024080097703
2109,6.454998838167162
2110,6.357537608201575
2111,6.26569914169352
2112,6.181068729130448
2113,6.105690599036254
2114,6.039620811979123
2115,5.9834743719028385
2116,5.937841519743699
2117,5.904572824955567
2118,5.884932706042461
2119,5.878995223492801
2120,5.885031354853736
2121,5.900137705657733
2122,5.919607736840476
2123,5.940047323271609
2124,5.958737584985256
2125,5.972997112438493
2126,5.982045285097785
2127,5.98386835923432
2128,5.980838812816099
2129,5.974714206086604
2130,5.967264075031303
2131,5.959023759256856
2132,5.948674058323025
2133,5.93742138194004
2134,5.9252542185316806
2135,5.911575168158013
2136,5.895208546992521
2137,5.876283936728596
2138,5.854996413717755
2139,5.830368376851059
2140,5.801512852260992
2141,5.770148885844506
2142,5.737494577965884
2143,5.704911685935761
2144,5.673301032953542
2145,5.6449978724149235
2146,5.621291644570007
2147,5.602443665998633
2148,5.588326946002786
2149,5.5771879665932005
2150,5.567530505439358
2151,5.55937259773162
2152,5.554252572094452
2153,5.553984149278737
2154,5.560034642177799
2155,5.572900123591657
2156,5.593351644668968
2157,5.621177193981149
2158,5.656418915321698
2159,5.699355716737875
2160,5.747356244454867
2161,5.801102047374897
2162,5.862682576747407
2163,5.931186595042227
2164,6.00453868811872
2165,6.08070645021435
2166,6.160154638886508
2167,6.2414225701611965
2168,6.323574463415124
2169,6.404273648918648
2170,6.483481222902487
2171,6.559030610566786
2172,6.629703061347374
2173,6.695180430548472
2174,6.756001009060955
2175,6.811018600006607
2176,6.8604895058765525
2177,6.902913142536912
2178,6.937501119912633
2179,6.962275727214575
2180,6.975923315453654
2181,6.980903813311278
2182,6.980942197396701
2183,6.97852537943586
2184,6.974902182281317
2185,6.9694598504234975
2186,6.960976314488894
2187,6.948873592697488
2188,6.93322309307271
2189,6.915378177642557
2190,6.896108944001851
2191,6.876238378384393
2192,6.856029398933987
2193,6.835197274807945
2194,6.812922256789248
2195,6.788487597364114
2196,6.760668472608271
2197,6.72837225384909
2198,6.6912808946185685
2199,6.649871115790045
2200,6.606687587677726
2201,6.565118811148448
2202,6.528799107326755
2203,6.500384598080219
2204,6.482825905834331
2205,6.478760912640784
2206,6.48990073436012
2207,6.515782261282481
2208,6.555011195739033
2209,6.60649587614764
2210,6.668797758928824
2211,6.740724240580523
2212,6.820039719001342
2213,6.903420639439528
2214,6.985780922318945
2215,7.063344850163816
2216,7.132970592421912
2217,7.1946017280096575
2218,7.246848729223215
2219,7.288200442278741
2220,7.320116432936628
2221,7.344501141680843
2222,7.361808936224769
2223,7.372903871068232
2224,7.377798870125921
2225,7.373773792393106
2226,7.361622372571233
2227,7.341904736741505
2228,7.314329997002267
2229,7.280268574991401
2230,7.23964443609866
2231,7.192206377854427
2232,7.138178420016526
2233,7.076414453356618
2234,7.009432007133857
2235,6.938450851574049
2236,6.865309861898538
2237,6.791261381546435
2238,6.717641935293161
2239,6.644043509550672
2240,6.568359564521364
2241,6.486831033214163
2242,6.398468623910171
2243,6.302603775494729
2244,6.200193883963239
2245,6.096382217951421
2246,5.997436924917514
2247,5.908315913433539
2248,5.8321036939934405
2249,5.7700670796452656
2250,5.723577818628313
2251,5.6941513672571045
2252,5.68035094570952
2253,5.6796809295589075
2254,5.689220475037543
2255,5.707498937796733
2256,5.73198991069088
2257,5.758474799738263
2258,5.782902517262981
2259,5.802622928839298
2260,5.817621585968189
2261,5.8267574008201
2262,5.829628272074254
2263,5.825940375034362
2264,5.814256367334085
2265,5.7926226938726915
2266,5.761076889319865
2267,5.721036099161621
2268,5.675316795828148
2269,5.626909804187658
2270,5.577758876110973
2271,5.528165944841297
2272,5.4786968443242685
2273,5.43146230479
2274,5.387648870940898
2275,5.349423423538873
2276,5.318085562801498
2277,5.29409149930663
2278,5.278948640155378
2279,5.272730585261785
2280,5.274711591639793
2281,5.2833704596875535
2282,5.297639295058443
2283,5.316898096868534
2284,5.341590839674491
2285,5.3713384367224375
2286,5.4061733069837
2287,5.447145782906652
2288,5.493177338622806
2289,5.541034982149356
2290,5.58967748566686
2291,5.638350474492029
2292,5.685931025513037
2293,5.7296472465714965
2294,5.7675485386180725
2295,5.798478273074323
2296,5.820800103525173
2297,5.8355036346348665
2298,5.8436904710029545
2299,5.847190027457337
2300,5.845429412281536
2301,5.838556239991911
2302,5.828689731722148
2303,5.819300010955943
2304,5.813964270094663
2305,5.8151226390328326
2306,5.823456519996162
2307,5.8378878635609714
2308,5.85682395997858
2309,5.878148419585582
2310,5.900459337743588
2311,5.923680967051967
2312,5.94592477302399
2313,5.967224920568525
2314,5.987024371611302
2315,6.007286572502689
2316,6.031858079360807
2317,6.061455894195963
2318,6.095527107718857
2319,6.131605400706319
2320,6.16716474949285
2321,6.198971877037507
2322,6.224314028330911
2323,6.240354090940535
2324,6.245989756166148
2325,6.243093494000681
2326,6.234009030839463
2327,6.223428159644074
2328,6.214021417731818
2329,6.2076946998202205
2330,6.204345137240726
2331,6.20624005213739
2332,6.214894050943491
2333,6.231067840059723
2334,6.2535128171049355
2335,6.282085962297945
2336,6.3152358103468735
2337,6.352484592233411
2338,6.393782516557776
2339,6.43823448905005
2340,6.484074301367459
2341,6.530511848611573
2342,6.575829479445607
2343,6.618602972627396
2344,6.6576732134901135
2345,6.692744460509049
2346,6.72310992640106
2347,6.746379858595186
2348,6.762837560816468
2349,6.774799849378327
2350,6.782231767118664
2351,6.784614106969522
2352,6.783438767008491
2353,6.780332261496303
2354,6.777681455464313
2355,6.776135506280438
2356,6.77773252040293
2357,6.782775519598621
2358,6.789831442809087
2359,6.797602994276147
2360,6.8036742335898674
2361,6.805755718468895
2362,6.800430710235876
2363,6.78690387288942
2364,6.76450460123424
2365,6.731445475154488
2366,6.686086259158547
2367,6.629454564332828
2368,6.562149197851775
2369,6.487500557787125
2370,6.409737698961958
2371,6.333409988350745
2372,6.260935706866096
2373,6.194524754177914
2374,6.1355989451393045
2375,6.083583516632016
2376,6.036568956197093
2377,5.99571851167768
2378,5.964047575319305
2379,5.943324215297695
2380,5.933463970054001
2381,5.933792800394813
2382,5.942428252145434
2383,5.958154250630921
2384,5.983540703518738
2385,6.018683672069703
2386,6.061814504604933
2387,6.108652872150499
2388,6.158629811667095
2389,6.212358452070321
2390,6.2678527786434834
2391,6.324244052637347
2392,6.377996127316024
2393,6.424745203410727
2394,6.461766234073098
2395,6.486693706702647
2396,6.502498504802596
2397,6.511847328309475
2398,6.518342815594311
2399,6.524642700447938
2400,6.531830752401444
2401,6.54066283929814
2402,6.5496874347610845
2403,6.556490098138781
2404,6.560187834132998
2405,6.561424841134169
2406,6.561120200136394
2407,6.557967101608058
2408,6.551558035892461
2409,6.542386763894402
2410,6.531852322746239
2411,6.520389757852898
2412,6.509976706917587
2413,6.502890564044851
2414,6.49983998789741
2415,6.49996933053546
2416,6.502735544026761
2417,6.507908099607484
2418,6.516817258798785
2419,6.527975840559561
2420,6.540198653061962
2421,6.5519705195777895
2422,6.56206363922068
2423,6.568280229529533
2424,6.5674462182687385
2425,6.557907358059232
2426,6.540154747635536
2427,6.513705793633384
2428,6.48211530597124
2429,6.446117028446549
2430,6.404893382790523
2431,6.359222967591597
2432,6.3102563230739595
2433,6.257669475107058
2434,6.20219453935841
2435,6.144402588073592
2436,6.0853633219110765
2437,6.026056189911793
2438,5.966782289040478
2439,5.905951431143171
2440,5.841994189135265
2441,5.774024916287687
2442,5.703756719503154
2443,5.634918940111701
2444,5.570176071493671
2445,5.510545782691836
2446,5.457314382704278
2447,5.410824089414902
2448,5.371131299218421
2449,5.335535643453672
2450,5.304229796397477
2451,5.276571722549498
2452,5.253604242786652
2453,5.23807232065926
2454,5.233187417065899
2455,5.242012197704737
2456,5.266838586138277
2457,5.309182248305459
2458,5.368517076028882
2459,5.4447487222259525
2460,5.538177516641559
2461,5.647575821069197
2462,5.770754636354468
2463,5.904495228454802
2464,6.04509714167991
2465,6.18829461082172
2466,6.331043684958608
2467,6.468307729037189
2468,6.5992182057009785
2469,6.723863885262843
2470,6.839459026657089
2471,6.942140473889733
2472,7.028770409075137
2473,7.099997176531479
2474,7.157701139071269
2475,7.2037001612716764
2476,7.239713544497954
2477,7.266083277514555
2478,7.2805015281206185
2479,7.281119162066837
2480,7.268411731648831
2481,7.245179089685934
2482,7.2153033316651936
2483,7.182513316142607
2484,7.151653337091881
2485,7.12620361766413
2486,7.108924597674785
2487,7.103122839678248
2488,7.110786828355366
2489,7.130090596612197
2490,7.157888935587076
2491,7.189705329795455
2492,7.219714583168048
2493,7.245097933804447
2494,7.264774298189768
2495,7.2775094066004975
2496,7.282528505376757
2497,7.279508397479546
2498,7.267949305553997
2499,7.246551759496816
2500,7.214473820888737
2501,7.170094456460807
2502,7.11290858680602
2503,7.047304823482087
2504,6.978851210179968
2505,6.9105862250759404
2506,6.843686564339926
2507,6.7818848077511715
2508,6.7271362309862095
2509,6.681532431716727
2510,6.646085547470045
2511,6.622006758003655
2512,6.608853439607888
2513,6.6051692143493135
2514,6.610367170894749
2515,6.623482167152048
2516,6.640667581547254
2517,6.661437116151939
2518,6.683654055799213
2519,6.70414328712459
2520,6.720552412978716
2521,6.729463946657786
2522,6.729510056199882
2523,6.721991994676431
2524,6.705880071373728
2525,6.681568350581398
2526,6.649634721544457
2527,6.612106093288803
2528,6.56935335313937
2529,6.5226148221127875
2530,6.473397975379979
2531,6.422883653848043
2532,6.36945682468947
2533,6.315613152793093
2534,6.264242392532314
2535,6.218037040060039
2536,6.17889944003384
2537,6.149220663961251
2538,6.1300299711997885
2539,6.121013358191988
2540,6.120525552648387
2541,6.126220648930653
2542,6.138177412930043
2543,6.155145722632235
2544,6.17891409513982
2545,6.209924081478746
2546,6.250380411365498
2547,6.301731611965637
2548,6.362769722687624
2549,6.431473200682443
2550,6.5055937720243975
2551,6.583863492037361
2552,6.666573419937693
2553,6.751774700259224
2554,6.8377268691483195
2555,6.925344603563687
2556,7.015019001170815
2557,7.105312819257969
2558,7.193529428237681
2559,7.2762813780104505
2560,7.351935262584128
2561,7.4180600001053065
2562,7.473879549181469
2563,7.518356580920031
2564,7.552032591710169
2565,7.574500105077986
2566,7.585631624179762
2567,7.585565589606118
2568,7.574699422182552
2569,7.551814564241061
2570,7.515333270974783
2571,7.465207913474202
2572,7.3998187795354475
2573,7.321005402008721
2574,7.23223242700702
2575,7.136763872267085
2576,7.036468610258784
2577,6.933130036031814
2578,6.827258751754457
2579,6.720657153322479
2580,6.6139855999117945
2581,6.5087040399774905
2582,6.406513680974706
2583,6.310047790333597
2584,6.224185564433707
2585,6.1517374197856185
2586,6.094123656922141
2587,6.051419740488722
2588,6.026142307845233
2589,6.020150859013742
2590,6.0327885550739175
2591,6.062135962818541
2592,6.106878156193476
2593,6.1650363741678245
2594,6.233940056863066
2595,6.308940496666829
2596,6.387117773431201
2597,6.462233879197849
2598,6.534058857400049
2599,6.6033238552965745
2600,6.668551233360331
2601,6.7278862746546615
2602,6.780306417722061
2603,6.825584172183365
2604,6.86362935614833
2605,6.895085797619098
2606,6.922557556250217
2607,6.948714263072731
2608,6.975648950645027
2609,7.0042367051110705
2610,7.035367832020675
2611,7.069929988982961
2612,7.106288728712034
2613,7.141515897678889
2614,7.173241911899078
2615,7.199008739952103
2616,7.2162500742225255
2617,7.222275226632436
2618,7.216133352807538
2619,7.1973596863568865
2620,7.165354377544034
2621,7.120019226828564
2622,7.061777688184092
2623,6.991603203567466
2624,6.913555603880409
2625,6.832949968022417
2626,6.7526554026405545
2627,6.675645420651874
2628,6.60254812534678
2629,6.535444341627768
2630,6.476663301818995
2631,6.426949585531106
2632,6.384874857811102
2633,6.3493689402150295
2634,6.317246107512803
2635,6.2876022788867
2636,6.259335094701805
2637,6.230537443898896
2638,6.200390130984565
2639,6.168554874562965
2640,6.1351931494063825
2641,6.101611083490505
2642,6.07090530907264
2643,6.044858951482919
2644,6.025835820233295
2645,6.01742168799105
2646,6.020686180035814
2647,6.036063033092226
2648,6.0614730550224
2649,6.094189514292772
2650,6.132072258710386
2651,6.174172267635861
2652,6.2200829752681175
2653,6.2686639581388075
2654,6.31676224092003
2655,6.3604319333100525
2656,6.394904168606567
2657,6.414559810148946
2658,6.415407906171177
2659,6.39632340502591
2660,6.3571716251244395
2661,6.301945182749917
2662,6.23566346191979
2663,6.162532130912284
2664,6.087859568341923
2665,6.015602570241413
2666,5.949663020413246
2667,5.893308051053514
2668,5.8485862549705505
2669,5.81636290744078
2670,5.795097917331271
2671,5.784615966691939
2672,5.783619801374373
2673,5.790321782250982
2674,5.804944507818315
2675,5.826591625459022
2676,5.853238692238358
2677,5.883594645455675
2678,5.916460148227669
2679,5.951958617017636
2680,5.9890156806962285
2681,6.025961993998468
2682,6.061760076858939
2683,6.09660622296598
2684,6.12878312595989
2685,6.15651310059161
2686,6.177312972158361
2687,6.191726745269486
2688,6.200187603926733
2689,6.203633902916052
2690,6.205378879770937
2691,6.207983500835555
2692,6.212630370654217
2693,6.220372104083213
2694,6.230878421997172
2695,6.243681312705673
2696,6.256918465504547
2697,6.267950268869182
2698,6.275851537234028
2699,6.282029616115494
2700,6.28709444381922
2701,6.291479690140774
2702,6.296064590848335
2703,6.300921206903744
2704,6.304686558899562
2705,6.306434591674039
2706,6.306923820966112
2707,6.305471240894925
2708,6.299327018191514
2709,6.285550400061357
2710,6.267263554323561
2711,6.246785179797191
2712,6.2262669355798606
2713,6.208331240031805
2714,6.193584094678523
2715,6.181251294020491
2716,6.169187642499008
2717,6.15700966249661
2718,6.142978134119271
2719,6.1252557064339
2720,6.103790667173586
2721,6.080328019254896
2722,6.057797896427411
2723,6.038455227428676
2724,6.025143817310968
2725,6.017558436609427
2726,6.014753140973369
2727,6.015146012029231
2728,6.019020910690344
2729,6.026027231612525
2730,6.037052481382408
2731,6.054217899566869
2732,6.077746567931925
2733,6.10782768205636
2734,6.143351845914005
2735,6.185017271177404
2736,6.232182574615408
2737,6.281590737202377
2738,6.331714625803535
2739,6.382101113073353
2740,6.431464750025171
2741,6.47765627447666
2742,6.520131758776726
2743,6.560548740102729
2744,6.6008646732827945
2745,6.643311670182483
2746,6.687246302246553
2747,6.732873071125897
2748,6.7812169495324985
2749,6.832219864508889
2750,6.885335482504136
2751,6.938872332551991
2752,6.989335609009643
2753,7.0326437110264415
2754,7.063471702996101
2755,7.0802242469929455
2756,7.0831413352769275
2757,7.071162819953625
2758,7.042551589794068
2759,6.997401056806819
2760,6.939528038256817
2761,6.872750975748504
2762,6.802801105862404
2763,6.734239195819194
2764,6.6692492621483925
2765,6.608306421882126
2766,6.551467511263684
2767,6.497784175022679
2768,6.445338390694185
2769,6.393776020703887
2770,6.34371459098329
2771,6.296775517450955
2772,6.254365394406083
2773,6.218330331449463
2774,6.189107459810389
2775,6.166372454260992
2776,6.149057797411031
2777,6.137866989086351
2778,6.133410367989414
2779,6.136837105954499
2780,6.149837993335892
2781,6.172143297296657
2782,6.2027646362540185
2783,6.238731039064392
2784,6.276319806686538
2785,6.314159033179801
2786,6.349454112724347
2787,6.3785890901046045
2788,6.40085460128455
2789,6.415929664046845
2790,6.425117762048353
2791,6.429462422905907
2792,6.430991475635063
2793,6.433339335237065
2794,6.4386210470408844
2795,6.448680819290969
2796,6.464463722077369
2797,6.48600939997808
2798,6.5118172077448016
2799,6.540082744254246
2800,6.56868172262829
2801,6.595777304273649
2802,6.621052224520396
2803,6.645691857883429
2804,6.670493421237322
2805,6.697100574045466
2806,6.724237917382985
2807,6.748319364466227
2808,6.766556179813177
2809,6.778816928339029
2810,6.7863660773465995
2811,6.788106333558491
2812,6.783073924898961
2813,6.770437512833793
2814,6.747626337625707
2815,6.714713116091903
2816,6.674428298588563
2817,6.630305639774308
2818,6.583582376621144
2819,6.53885180507622
2820,6.498467482101299
2821,6.466321182279971
2822,6.447868138019512
2823,6.4451471309882775
2824,6.459917025268361
2825,6.492408467984993
2826,6.543189658122614
2827,6.61314603937317
2828,6.701573561892282
2829,6.806134959560962
2830,6.922804482784041
2831,7.04642754761662
2832,7.17314781731206
2833,7.29970493790646
2834,7.42085533805011
2835,7.533043130807102
2836,7.6336993946552525
2837,7.722422056115617
2838,7.797787979587596
2839,7.858547515685515
2840,7.902952397536456
2841,7.928717766070199
2842,7.936119416968063
2843,7.925477697307575
2844,7.899027879530655
2845,7.857176812518408
2846,7.801644452727231
2847,7.732365021105699
2848,7.65064671081943
2849,7.5598399868958515
2850,7.4641386601681265
2851,7.367386641477612
2852,7.2718877550030605
2853,7.179091208272307
2854,7.089651278966302
2855,7.00411031276083
2856,6.921079623282315
2857,6.840417955211706
2858,6.763908378465393
2859,6.695933701737765
2860,6.640399290986668
2861,6.599525553606365
2862,6.573257647434255
2863,6.55929102683673
2864,6.554962860150544
2865,6.557260758820679
2866,6.563450482504525
2867,6.572949502885215
2868,6.586073135094311
2869,6.601528600824073
2870,6.61515682605733
2871,6.626172781401399
2872,6.6352819644473096
2873,6.644048514797715
2874,6.653639520827491
2875,6.665444540589764
2876,6.679819607437146
2877,6.698579851884375
2878,6.722490517191545
2879,6.75000523421132
2880,6.779751077223126
2881,6.810511367235003
2882,6.839957080831728
2883,6.864627624993553
2884,6.882412433525209
2885,6.890660547965805
2886,6.888669502083493
2887,6.875180166803947
2888,6.85087799461404
2889,6.817776450396387
2890,6.7773572002869695
2891,6.732465800140271
2892,6.6835869575606
2893,6.629497589027181
2894,6.569172369170762
2895,6.503067536628951
2896,6.431908597308623
2897,6.35735663990626
2898,6.282677810245029
2899,6.210289906248156
2900,6.143684052207463
2901,6.084969941223366
2902,6.0355424638636475
2903,5.995493404482827
2904,5.964892333395513
2905,5.943811637538506
2906,5.930470646140238
2907,5.92249880615568
2908,5.920694020385964
2909,5.925277629878372
2910,5.936520541917448
2911,5.9541153652690655
2912,5.977794383360399
2913,6.007318557515331
2914,6.042462727568143
2915,6.082372159254672
2916,6.126790579106025
2917,6.174160231053776
2918,6.222219114917558
2919,6.269846380372599
2920,6.315157290147294
2921,6.355473452982309
2922,6.388544504311966
2923,6.414397908662472
2924,6.434068290244839
2925,6.450206274577172
2926,6.466441194496168
2927,6.485496003916914
2928,6.50917713100793
2929,6.538987568935288
2930,6.574862075158176
2931,6.6151485399051975
2932,6.658460564607985
2933,6.703652282860729
2934,6.74979129040474
2935,6.7973804003045455
2936,6.845828806068167
2937,6.894047338453436
2938,6.942293185214393
2939,6.990889754518542
2940,7.0426965212926245
2941,7.098703654366814
2942,7.157999637245474
2943,7.220236263648992
2944,7.283091577524473
2945,7.346605975154245
2946,7.41001792058468
2947,7.474849249127688
2948,7.541740534894805
2949,7.608535571216864
2950,7.673364563590388
2951,7.73460238277989
2952,7.790828046697637
2953,7.837661446766663
2954,7.8714782068808145
2955,7.887505412529711
2956,7.881050475323673
2957,7.85061611599019
2958,7.798529398709669
2959,7.729085752590022
2960,7.64608152586497
2961,7.554107388172865
2962,7.456100208198388
2963,7.353400537508614
2964,7.247688865040496
2965,7.140424804395048
2966,7.034163163632626
2967,6.9307459853108355
2968,6.832618960010015
2969,6.741646062069681
2970,6.658545878979346
2971,6.584823469439726
2972,6.523447300977181
2973,6.476395326449667
2974,6.4428183441520295
2975,6.419694405300082
2976,6.405599799644548
2977,6.3988485079328425
2978,6.398126011037603
2979,6.401868509514012
2980,6.408263375160348
2981,6.4158718119564515
2982,6.422999859272686
2983,6.428943636596943
2984,6.432734888505073
2985,6.434387269800059
2986,6.433643975979566
2987,6.431226710497636
2988,6.428211149323323
2989,6.422903451731612
2990,6.416467145029169
2991,6.410426441865322
2992,6.406670262923754
2993,6.408081012361979
2994,6.415411925423182
2995,6.43166118671782
2996,6.457067348402954
2997,6.490349174393952
2998,6.528689761513427
2999,6.570215738349999
3000,6.612723302391338
3001,6.656152266288647
3002,6.6988094906291344
3003,6.737966740833583
3004,6.770459026391133
3005,6.793910127577904
3006,6.810462287778522
3007,6.822386556547873
3008,6.8283224445109845
3009,6.828270470695044
3010,6.820463452599419
3011,6.8032415386793
3012,6.774432087731995
3013,6.7357354325931365
3014,6.689617886043526
3015,6.639335926218587
3016,6.588965020074969
3017,6.5428060496154306
3018,6.504791793705181
3019,6.4772657774284195
3020,6.463506030998278
3021,6.465867293516993
3022,6.484539612817423
3023,6.518171869673982
3024,6.565110107603074
3025,6.624001512702555
3026,6.695015077253024
3027,6.776679792589643
3028,6.867090265624292
3029,6.965730678398478
3030,7.072168281537697
3031,7.184116743993444
3032,7.29986962954126
3033,7.418855428991691
3034,7.5384402146368235
3035,7.656353274125625
3036,7.771237369972911
3037,7.881325043897176
3038,7.988116814260678
3039,8.095062371273242
3040,8.202493832135776
3041,8.307558900067146
3042,8.404153719641128
3043,8.486607211118951
3044,8.552745698687064
3045,8.60071637702497
3046,8.628945974750494
3047,8.64048577274582
3048,8.636118960658917
3049,8.61685342452979
3050,8.583299476048028
3051,8.535681893512887
3052,8.476360893051094
3053,8.408611889605922
3054,8.337287572562488
3055,8.2638602488749
3056,8.19084142076442
3057,8.119327677796761
3058,8.049046333649665
3059,7.980275122202242
3060,7.9113861233750775
3061,7.842638745137378
3062,7.771222779131236
3063,7.696926367783037
3064,7.622180639282213
3065,7.547106142838331
3066,7.473934564761404
3067,7.404555650022168
3068,7.34056293448838
3069,7.280797106746534
3070,7.222636003549075
3071,7.164531963456733
3072,7.104173177528019
3073,7.042270004344284
3074,6.978842694250922
3075,6.91451007884061
3076,6.851154213022124
3077,6.7907105829049605
3078,6.734582703215478
3079,6.684304894565724
3080,6.642202363378237
3081,6.608922625516454
3082,6.582836820366703
3083,6.562560510674354
3084,6.545719986172052
3085,6.530839936273267
3086,6.51797897540011
3087,6.50561394301452
3088,6.492522941718814
3089,6.478418065400927
3090,6.462703581110216
3091,6.445734744605166
3092,6.428827621906067
3093,6.413644694817833
3094,6.4015804278816875
3095,6.3943957577045945
3096,6.393600633126092
3097,6.3973335056371585
3098,6.404736826333068
3099,6.414704712868071
3100,6.426503322379962
3101,6.440389621560996
3102,6.457604012526943
3103,6.478486653880093
3104,6.501841701714918
3105,6.5255492579672065
3106,6.546550773509182
3107,6.563959230926828
3108,6.578421018572691
3109,6.589605050279982
3110,6.59869372674531
3111,6.607125945508859
3112,6.615341420531594
3113,6.62027541205854
3114,6.621603591946891
3115,6.617988959921305
3116,6.608331013461468
3117,6.593018006947119
3118,6.573307987874578
3119,6.548838367485825
3120,6.519513239530414
3121,6.484268673778223
3122,6.445466044224419
3123,6.405164056943065
3124,6.365143001730582
3125,6.3256799408478015
3126,6.286198722179474
3127,6.247794643647322
3128,6.211384128971709
3129,6.179603730220721
3130,6.154332884381842
3131,6.136713776111163
3132,6.1265421320120375
3133,6.12290323257775
3134,6.126053269469074
3135,6.135546619826422
3136,6.150233877496786
3137,6.168880919689769
3138,6.190159727441543
3139,6.211386731213474
3140,6.2303845116372765
3141,6.247968532637657
3142,6.265435267819548
3143,6.284551210454984
3144,6.308791956773611
3145,6.3408302584985385
3146,6.3806458723798976
3147,6.428630536256254
3148,6.484313084295937
3149,6.548204456582115
3150,6.619887897520273
3151,6.697979023730529
3152,6.780081021897052
3153,6.863360841814178
3154,6.944497882637558
3155,7.020256942996708
3156,7.089937510344502
3157,7.152201411544438
3158,7.205654262516054
3159,7.250056553296665
3160,7.285665240009513
3161,7.312580993432029
3162,7.334475943566631
3163,7.3523268572948455
3164,7.367526454033469
3165,7.378747248913494
3166,7.385057053032142
3167,7.385911960456063
3168,7.381777404593763
3169,7.372877623878464
3170,7.3591982458655165
3171,7.339866849595351
3172,7.315036515204729
3173,7.285897906049414
3174,7.254694787663166
3175,7.222867239388476
3176,7.1916961563255395
3177,7.161073141549934
3178,7.132019988039536
3179,7.103582818058754
3180,7.075975241379473
3181,7.050596128512291
3182,7.027546865441941
3183,7.006272215572839
3184,6.986824725518502
3185,6.968628021757717
3186,6.952363965315817
3187,6.9374840247045375
3188,6.921594440957291
3189,6.904215527592047
3190,6.883666601601172
3191,6.8595768452722945
3192,6.832273149267034
3193,6.801545168718716
3194,6.769787388042373
3195,6.739518325922585
3196,6.7140253839264155
3197,6.695508764667224
3198,6.683847404893418
3199,6.676610548375487
3200,6.6690650342558655
3201,6.65855482008425
3202,6.643255697763932
3203,6.624056862435651
3204,6.603320474429042
3205,6.583018658534716
3206,6.5659964642467665
3207,6.554734554397703
3208,6.5507348440298845
3209,6.553902539089169
3210,6.563798636243897
3211,6.577762943075479
3212,6.593407893017671
3213,6.609234817664808
3214,6.623999168678086
3215,6.638575625957667
3216,6.654698869923293
3217,6.673704471228477
3218,6.697768813733035
3219,6.727397216002262
3220,6.763908891092873
3221,6.806918428801582
3222,6.854937975868171
3223,6.905975355014419
3224,6.958754052727191
3225,7.011431320896461
3226,7.061565190129254
3227,7.108581546457032
3228,7.151867797667423
3229,7.188868488081532
3230,7.217558244646912
3231,7.238293651506066
3232,7.252545318898586
3233,7.262259923531875
3234,7.266726301289017
3235,7.266944375600889
3236,7.264372365960067
3237,7.260301651624376
3238,7.255858379122916
3239,7.252006006452524
3240,7.248298080123083
3241,7.247255642890445
3242,7.249994551210379
3243,7.255601126761853
3244,7.263630444629327
3245,7.275352829193038
3246,7.291873835805328
3247,7.315376924300292
3248,7.347863133364648
3249,7.3917613911074245
3250,7.446158211179299
3251,7.509270256361514
3252,7.577160340553318
3253,7.64682298374373
3254,7.715516980708928
3255,7.7800968618602475
3256,7.836969959496077
3257,7.885806045376146
3258,7.9257517850355015
3259,7.9572752152308315
3260,7.979015777853179
3261,7.989639617784065
3262,7.987200995043848
3263,7.969135644891768
3264,7.937887301965171
3265,7.894668991123339
3266,7.841357557661826
3267,7.782395678756736
3268,7.724825183110635
3269,7.672698902126871
3270,7.627116651469336
3271,7.587507809988093
3272,7.5529098086260404
3273,7.52386788594483
3274,7.49808171187572
3275,7.472923538921261
3276,7.447329318514077
3277,7.420564424874968
3278,7.394114651400658
3279,7.367327938722335
3280,7.3386809058140585
3281,7.308295591688191
3282,7.274832359790965
3283,7.236133888823807
3284,7.195496087263278
3285,7.153567279905426
3286,7.113373606491761
3287,7.076595227213858
3288,7.0442164437592325
3289,7.016548685798401
3290,6.993875747724525
3291,6.976471081002146
3292,6.961486964753476
3293,6.946090383675097
3294,6.927472393110621
3295,6.904732741913864
3296,6.877016508692943
3297,6.844778314092279
3298,6.807924643438353
3299,6.767083995611335
3300,6.725504916589245
3301,6.687831524852846
3302,6.657629498310034
3303,6.638659620165679
3304,6.631771655188202
3305,6.638666205883421
3306,6.6600240174726615
3307,6.6948766687985755
3308,6.742468223692899
3309,6.802858448069367
3310,6.873768065201907
3311,6.953041011834401
3312,7.036100119669978
3313,7.120272569779377
3314,7.2022379806585475
3315,7.279225800447319
3316,7.348964078547615
3317,7.407756348236074
3318,7.452313040240242
3319,7.482839737570014
3320,7.499259327585134
3321,7.501192922809363
3322,7.490449598686715
3323,7.468525185084449
3324,7.4366089808706395
3325,7.396222456672682
3326,7.349864202504924
3327,7.3004101693462955
3328,7.2498926430491615
3329,7.198906153110045
3330,7.145389046123558
3331,7.089030352338618
3332,7.030053233850316
3333,6.9711252087835325
3334,6.914270011991992
3335,6.862779425073931
3336,6.820623810870092
3337,6.788734295080551
3338,6.765654113523588
3339,6.750683543083062
3340,6.7401443268218735
3341,6.730514030588502
3342,6.720932630027164
3343,6.710708529512956
3344,6.69932455052721
3345,6.6883193217203125
3346,6.676294393898564
3347,6.662671118292188
3348,6.647698162135217
3349,6.631835023212758
3350,6.618261387958581
3351,6.60976204591695
3352,6.6081103732646564
3353,6.612198644899795
3354,6.62241406673717
3355,6.63938622053852
3356,6.663980679273871
3357,6.697288399525414
3358,6.739985349950784
3359,6.791686693957917
3360,6.850920104111028
3361,6.915093448790613
3362,6.9798327713121
3363,7.040817181585417
3364,7.091863394038427
3365,7.129887612360498
3366,7.154248625619724
3367,7.1654740431264745
3368,7.162745068800108
3369,7.147014485283034
3370,7.122258359549656
3371,7.0923608745210736
3372,7.0592548016436645
3373,7.024815186817234
3374,6.988380041690562
3375,6.95052186842067
3376,6.9143204316385205
3377,6.882261419807318
3378,6.856884071120495
3379,6.837676210384102
3380,6.823590109859744
3381,6.813679494177533
3382,6.808983344148921
3383,6.812532090901502
3384,6.827475550972778
3385,6.853955708343442
3386,6.8897223747748235
3387,6.9319916397105406
3388,6.9767985161099695
3389,7.022720522157671
3390,7.068974676965631
3391,7.114138799319489
3392,7.156122598831784
3393,7.19651444836548
3394,7.237430144159277
3395,7.280862660921643
3396,7.328031579520946
3397,7.3781059416624775
3398,7.4312997693143314
3399,7.487590768231064
3400,7.5473120818114126
3401,7.607367109223977
3402,7.664317179586221
3403,7.715594017572344
3404,7.760714149619311
3405,7.797496855903104
3406,7.826410970256193
3407,7.847426890976114
3408,7.862498509503993
3409,7.8724250754741
3410,7.87809177695226
3411,7.879838536332125
3412,7.875581468646749
3413,7.867061789843975
3414,7.858598477453743
3415,7.852718595387346
3416,7.853912583507669
3417,7.865512932555477
3418,7.890318437906849
3419,7.929336949355015
3420,7.982394867669506
3421,8.046237758026512
3422,8.116997188809925
3423,8.190150829804868
3424,8.260478227553456
3425,8.32451508432918
3426,8.377384303513303
3427,8.419005966559387
3428,8.449064289731304
3429,8.468856610563822
3430,8.47752460141063
3431,8.474541899243818
3432,8.458458688159594
3433,8.430028563567141
3434,8.39409358419555
3435,8.353977040921679
3436,8.310880916132259
3437,8.263285956563445
3438,8.210103608378814
3439,8.152580764019081
3440,8.089958001169727
3441,8.019505534538721
3442,7.937187355083308
3443,7.842080262801646
3444,7.739550315594968
3445,7.635062271200253
3446,7.531743668407232
3447,7.432325132086138
3448,7.337954947314445
3449,7.250136195962076
3450,7.1695357380568865
3451,7.097289098504247
3452,7.034425842373247
3453,6.9819147290464105
3454,6.940703001754775
3455,6.909249207023731
3456,6.884173952002564
3457,6.862154563086177
3458,6.840565757949468
3459,6.817493407665404
3460,6.791123029708241
3461,6.759754208172444
3462,6.725567075258909
3463,6.689641916788423
3464,6.654480539159733
3465,6.622778722573593
3466,6.595573196893778
3467,6.573511455282453
3468,6.55811875765373
3469,6.550561919262169
3470,6.551033931138797
3471,6.560008683115105
3472,6.576990668815624
3473,6.6011343764379395
3474,6.631233675011632
3475,6.66633172458101
3476,6.705077164143494
3477,6.7457021753686455
3478,6.785998266698436
3479,6.821415882715238
3480,6.848789219084733
3481,6.867564086545906
3482,6.879155802575817
3483,6.884437457097432
3484,6.88373266765711
3485,6.876812278390522
3486,6.866019800516054
3487,6.851900737578101
3488,6.837584330745739
3489,6.823792383227055
3490,6.810098208023417
3491,6.7961852478966795
3492,6.78248063422868
3493,6.77078888262132
3494,6.760550458280102
3495,6.750724083358898
3496,6.738543135975149
3497,6.7220217916941944
3498,6.700587636621387
3499,6.675716993242274
3500,6.647198316769517
3501,6.617522739295003
3502,6.590026893962639
3503,6.569536462204272
3504,6.5592583586430235
3505,6.561418537613138
3506,6.577268416974707
3507,6.605833528001817
3508,6.6451536092079415
3509,6.6928897531515545
3510,6.746299831385373
3511,6.802833659366394
3512,6.8600996151570035
3513,6.914579305782478
3514,6.964716776008627
3515,7.010884458535143
3516,7.05347683807671
3517,7.09225659656143
3518,7.125702992893608
3519,7.152862625604699
3520,7.173328528855606
3521,7.187848197666224
3522,7.195810796725915
3523,7.193988085600504
3524,7.180279442107857
3525,7.153088001512346
3526,7.111329224427028
3527,7.0556978914640105
3528,6.990569202470131
3529,6.920908546110065
3530,6.851062205296941
3531,6.784800895102572
3532,6.722863416720461
3533,6.663623070784676
3534,6.605626368293832
3535,6.546380055827303
3536,6.486137363484273
3537,6.427310033829032
3538,6.372630973573691
3539,6.324566020659216
3540,6.287223118668093
3541,6.265132357419897
3542,6.262644312285035
3543,6.2845688509105315
3544,6.333051688248229
3545,6.408185683718152
3546,6.5079805394351675
3547,6.63081584146182
3548,6.772253688023507
3549,6.9268369174447075
3550,7.09050070949489
3551,7.256725970870118
3552,7.420812045323018
3553,7.579147822874424
3554,7.727859186016845
3555,7.864585049853498
3556,7.9865094174963325
3557,8.094025926401143
3558,8.187536645637785
3559,8.265509878072114
3560,8.331296716166465
3561,8.386832308709375
3562,8.433844744041778
3563,8.473820340311669
3564,8.507974262702023
3565,8.537225538683117
3566,8.562800711811033
3567,8.585590559680169
3568,8.605509109440046
3569,8.620854394140377
3570,8.628296003637475
3571,8.626615493791315
3572,8.614201735459597
3573,8.590926964816411
3574,8.556904541951175
3575,8.51625349760029
3576,8.472744797161443
3577,8.431076747596318
3578,8.393152190368376
3579,8.35935454397383
3580,8.330446506789912
3581,8.304466180603871
3582,8.282995138136213
3583,8.266799660744567
3584,8.25521915782523
3585,8.25055128898654
3586,8.251809201863185
3587,8.258474449534253
3588,8.268621204327651
3589,8.27891209204034
3590,8.28521685021657
3591,8.286980896343072
3592,8.282846387375201
3593,8.275651117208096
3594,8.267431100744785
3595,8.259425070940047
3596,8.251454616310689
3597,8.24317918470418
3598,8.2366010648328
3599,8.232945558418379
3600,8.232665091517225
3601,8.234191499211637
3602,8.237061200901703
3603,8.24253924630051
3604,8.249867521870575
3605,8.256261327045475
3606,8.25815479405762
3607,8.253696891810025
3608,8.242750242459408
3609,8.22626890760511
3610,8.206305229944938
3611,8.182895134109447
3612,8.15532060396048
3613,8.124624313901057
3614,8.09237686295673
3615,8.058195959956857
3616,8.022266578191449
3617,7.984737318475549
3618,7.94449286501283
3619,7.90042744118292
3620,7.850844962324813
3621,7.79286157662676
3622,7.723061654175559
3623,7.639409026572611
3624,7.537540611885465
3625,7.413943697540059
3626,7.269144608079904
3627,7.1034109532375425
3628,6.919967127365472
3630,6.814542293548584
3631,6.621877670288086
3632,6.4370622634887695
3633,6.252126216888428
3634,6.065994739532471
3635,5.900630950927734
3636,5.752345561981201
3637,5.620007514953613
3638,5.504659652709961
3639,5.373961925506592
3640,5.258575916290283
3641,5.166439056396484
3642,5.0912766456604
3643,5.028965473175049
3644,4.977480888366699
3645,4.97961950302124
3646,4.950334548950195
3647,4.93924617767334
3648,4.944807529449463
3649,4.963510990142822
3650,4.991706371307373
3651,5.026499271392822
3652,5.0658979415893555
3653,5.108571529388428
3654,5.153526782989502
3655,5.19985818862915
3656,5.246614456176758
3657,5.2928009033203125
3658,5.337454795837402
3659,5.379724025726318
3660,5.451394557952881
3661,5.488097190856934
3662,5.527797222137451
3663,5.5698041915893555
3664,5.612417221069336
3665,5.654063701629639
3666,5.6938676834106445
3667,5.731660842895508
3668,5.7677178382873535
3669,5.802453517913818
3670,5.83624267578125
3671,5.869370937347412
3672,5.902073860168457
3673,5.93458890914917
3674,5.9672017097473145
3675,5.938868999481201
3676,5.955539226531982
3677,5.955407619476318
3678,5.939956188201904
3679,5.912836074829102
3680,5.877438545227051
3681,5.836007118225098
3682,5.789849758148193
3683,5.73990535736084
3684,5.686910152435303
3685,5.632344722747803
3686,5.577699661254883
3687,5.524158000946045
3688,5.47198486328125
3689,5.423820972442627
3690,5.3684210777282715
3691,5.329777240753174
3692,5.292656421661377
3693,5.257636547088623
3694,5.2255659103393555
3695,5.1971259117126465
3696,5.172645092010498
3697,5.1520891189575195
3698,5.135166168212891
3699,5.121451377868652
3700,5.110487461090088
3701,5.101837635040283
3702,5.095089435577393
3703,5.089837551116943
3704,5.085685729980469
3705,5.112451553344727
3706,5.115756034851074
3707,5.126063346862793
3708,5.143275260925293
3709,5.166203022003174
3710,5.193435192108154
3711,5.223903179168701
3712,5.2570905685424805
3713,5.2929229736328125
3714,5.331533432006836
3715,5.372913360595703
3716,5.41021728515625
3717,5.449440956115723
3718,5.4892048835754395
3719,5.528067111968994
3720,5.552313327789307
3721,5.5861077308654785
3722,5.613420486450195
3723,5.634626388549805
3724,5.650413513183594
3725,5.661279678344727
3726,5.667387008666992
3727,5.6686530113220215
3728,5.664920330047607
3729,5.656091690063477
3730,5.642197608947754
3731,5.623399257659912
3732,5.599966049194336
3733,5.572242736816406
3734,5.540627956390381
3735,5.528412342071533
3736,5.49580717086792
3737,5.466797351837158
3738,5.441622257232666
3739,5.419919490814209
3740,5.401185512542725
3741,5.385247230529785
3742,5.372223854064941
3743,5.3623456954956055
3744,5.355788230895996
3745,5.35258674621582
3746,5.35263204574585
3747,5.3557047843933105
3748,5.361523151397705
3749,5.369781017303467
3750,5.404808044433594
3751,5.420958995819092
3752,5.4434309005737305
3753,5.472024440765381
3754,5.505746364593506
3755,5.543419361114502
3756,5.584076404571533
3757,5.627100467681885
3758,5.672189712524414
3759,5.719242572784424
3760,5.768251419067383
3761,5.819233417510986
3762,5.872216701507568
3763,5.9272541999816895
3764,5.984454154968262
3765,5.987859725952148
3766,6.033344268798828
3767,6.067192554473877
3768,6.0882649421691895
3769,6.097767353057861
3770,6.097644329071045
3771,6.089538097381592
3772,6.074489116668701
3773,6.053123950958252
3774,6.026016712188721
3775,5.993957996368408
3776,5.958052635192871
3777,5.919666767120361
3778,5.880299091339111
3779,5.841446876525879
3780,5.735006809234619
3781,5.685479164123535
3782,5.623081684112549
3783,5.549907207489014
3784,5.470394611358643
3785,5.388723850250244
3786,5.307795524597168
3787,5.22934627532959
3788,5.154970645904541
3789,5.088773250579834
3790,5.028233051300049
3791,4.97475004196167
3792,4.929447174072266
3793,4.892998695373535
3794,4.865605354309082
3795,4.858434200286865
3796,4.851552486419678
3797,4.856475353240967
3798,4.872371673583984
3799,4.898190021514893
3800,4.932971954345703
3801,4.975956439971924
3802,5.023191928863525
3803,5.076022624969482
3804,5.1335978507995605
3805,5.1955485343933105
3806,5.259864330291748
3807,5.325263023376465
3808,5.390963077545166
3809,5.456239223480225
