,counts,Fitted
0,19,19.0
1,16,18.99999998807907
2,12,18.850000000596047
3,12,18.507500024408102
4,17,18.182125047029555
5,8,18.123018818519935
6,13,17.616867883554402
7,17,17.38602452513947
8,20,17.36672332272435
9,15,17.498387156588134
10,16,17.373467798758725
11,14,17.304794420741718
12,12,17.139554687783704
13,13,16.882576977236376
14,18,16.68844816413734
15,15,16.75402579169326
16,15,16.666324502108594
17,15,16.583008277003163
18,10,16.503857863153
19,20,16.178664969995353
20,17,16.369731721495583
21,14,16.40124515926266
22,11,16.2811828893786
23,12,16.017123756830596
24,19,15.816267592830924
25,8,15.975454201268448
26,12,15.57668149716549
27,15,15.397847446149072
28,14,15.377955073841617
29,12,15.309057308228606
30,13,15.143604466659033
31,10,15.036424279088868
32,18,14.784603065134423
33,22,14.945372947640488
34,17,15.29810432410032
35,14,15.383199131737161
36,15,15.314039163229374
37,15,15.298337205067904
38,20,15.283420344814509
39,13,15.519249327573784
40,13,15.39328689695788
41,15,15.273622587872772
42,16,15.259941458479133
43,18,15.296944397476105
44,12,15.432097213365086
45,13,15.26049237653869
46,14,15.147467793474542
47,16,15.090094391879886
48,13,15.135589684206819
49,8,15.028810235759265
50,12,14.677369729931765
51,15,14.543501267277035
52,11,14.566326203913183
53,9,14.388009905638452
54,15,14.118609428237923
55,11,14.162678956826026
56,14,14.004545020905653
57,15,14.00431775793944
58,17,14.054101870042468
59,11,14.201396800382202
60,14,14.04132697228402
61,19,14.03926061174889
62,12,14.287297569240517
63,13,14.172932714620348
64,18,14.114286114652117
65,13,14.308571844682298
66,16,14.24314328821097
67,16,14.33098613572135
68,6,14.414436840856212
69,5,13.993715010734329
70,17,13.544029260197611
71,11,13.716827821029588
72,19,13.580986441899038
73,10,13.851937107883156
74,12,13.659340252488997
75,16,13.576373263706405
76,12,13.697554612442012
77,13,13.612676905661768
78,12,13.582043096141467
79,21,13.50294096517625
80,6,13.877793988443011
81,11,13.48390430094179
82,15,13.359709097815628
83,17,13.441723642924845
84,21,13.61963748462046
85,8,13.988655681915011
86,16,13.689222903779724
87,9,13.804761770511666
88,12,13.564523699867475
89,14,13.48629753871596
90,12,13.511982649859231
91,14,13.436383541208127
92,13,13.464564352226791
93,14,13.441336170378237
94,22,13.469269349938395
95,8,13.895805906283332
96,13,13.60101561692963
97,24,13.570964871845934
98,6,14.092416675937352
99,17,13.687795854061413
100,20,13.8534060852002
101,13,14.16073578094019
102,14,14.102699027655966
103,20,14.097564064352238
104,23,14.392685861134625
105,11,14.823051544236035
106,12,14.631898978945161
107,11,14.500304053839761
108,13,14.325288863068701
109,18,14.259024455678052
110,17,14.446073268656935
111,15,14.573769629065946
112,19,14.595081147612648
113,18,14.815327078311086
114,15,14.974560760158317
115,17,14.9758327221504
116,13,15.077041109884737
117,14,14.973189090153287
118,22,14.924529623724693
119,20,15.278303166380315
120,14,15.5143880080613
121,19,15.438668595737305
122,23,15.61673515402951
123,14,15.985898372486176
124,16,15.886603441940938
125,16,15.892273281764819
126,18,15.897659629597506
127,15,16.002776683880416
128,14,15.952637849686395
129,14,15.855005945281146
130,12,15.762255636096159
131,14,15.574142878133207
132,18,15.495435722305617
133,10,15.620663971953123
134,11,15.339630773355466
135,17,15.12264924660862
136,15,15.216516808120048
137,16,15.205690967714045
138,15,15.24540643124927
139,9,15.233136109686805
140,15,14.921479322083858
141,16,14.925405355979665
142,20,14.97913510010161
143,15,15.23017834509653
144,14,15.218669427841702
145,13,15.157735944528687
146,16,15.049849183065039
147,10,15.097356735832715
148,19,14.84248889904108
149,15,15.050364442168096
150,15,15.047846220059691
151,13,15.045453909056706
152,21,14.943181249366656
153,14,15.246022258423897
154,14,15.183721133581773
155,26,15.124535064981755
156,14,15.66830838325824
157,15,15.5848929521744
158,18,15.555648304565679
159,17,15.677865925100182
160,18,15.743972652687031
161,14,15.856774055815466
162,17,15.763935341103762
163,18,15.825738597890432
164,14,15.934451703758697
165,15,15.837729106649832
166,13,15.79584265131734
167,10,15.656050554514259
168,15,15.373248026788545
169,12,15.354585625449117
170,16,15.186856368018518
171,13,15.22751356153852
172,13,15.11613791922438
173,17,15.010331059025948
174,21,15.109814529916507
175,21,15.404323874946256
176,10,15.684107752724517
177,14,15.39990236508829
178,17,15.329907234912945
179,20,15.413411897009155
180,17,15.642741302158697
181,17,15.71060426089262
182,17,15.775074071689845
183,15,15.83632039194721
184,16,15.794504372349849
185,17,15.804779165653285
186,11,15.864540231212478
187,13,15.621313231572783
188,15,15.49024760575693
189,17,15.465735225469082
190,18,15.542448488037484
191,15,15.665326099398396
192,14,15.632059794428475
193,20,15.550456792786122
194,13,15.772933953146815
195,9,15.63428729125226
196,22,15.30257294457104
197,11,15.637444321184345
198,14,15.405572117046056
199,14,15.335293499272824
200,17,15.268528812388253
201,15,15.355102395610697
202,10,15.337347275830162
203,11,15.070479912038653
204,18,14.86695592835765
205,15,15.023608167702553
206,14,15.022427759317425
207,12,14.971306359430624
208,8,14.822741065300951
209,13,14.481604017996368
210,16,14.407523852859336
211,17,14.487147672137297
212,13,14.61279031237229
213,26,14.532150832516463
214,20,15.105543362416212
215,17,15.3502661942954
216,13,15.432752908422488
217,17,15.31111529876415
218,10,15.3955595576678
219,12,15.125781579784409
220,13,14.969492524637046
221,8,14.871017934167979
222,15,14.527467043420044
223,14,14.551093691249042
224,15,14.52353899476566
225,19,14.547362045027377
226,15,14.769993930855078
227,18,14.781494234312323
228,16,14.942419558359493
229,13,14.995298592362447
230,18,14.89553369850711
231,20,15.050757049344542
232,16,15.298219196877314
233,19,15.333308248954376
234,10,15.516642824585727
235,19,15.24081068335644
236,13,15.428770137267689
237,15,15.30733166616709
238,29,15.291965082858736
239,15,15.977366876399515
240,17,15.928498532579539
241,10,15.982073629792419
242,16,15.682969948302798
243,13,15.698821462808587
244,19,15.563880425430943
245,17,15.735686392238467
246,15,15.798902096468401
247,14,15.75895699164498
248,18,15.671009130141803
249,16,15.787458709397498
250,11,15.798085785848551
251,17,15.558181508477052
252,8,15.630272456895057
253,8,15.248758840010767
254,16,14.886320903970693
255,18,14.942004870693086
256,15,15.094904662921218
257,14,15.090159429775156
258,18,15.035651446365469
259,14,15.18386890980998
260,13,15.124675452398552
261,20,15.01844171554141
262,18,15.267519629764339
263,18,15.404143684038909
264,17,15.53393653559975
265,16,15.60723973266162
266,11,15.626877757949467
267,21,15.395533881972922
268,10,15.675757259399848
269,14,15.391969396429856
270,12,15.322370914687433
271,18,15.156252392794919
272,22,15.298439808917959
273,11,15.633517842313918
274,18,15.40184196211915
275,16,15.531749899775978
276,10,15.555162416708107
277,20,15.277404295872701
278,14,15.513534081079065
279,13,15.437857365104183
280,19,15.31596453261176
281,23,15.500166294060243
282,10,15.875157955515371
283,16,15.581400057739602
284,18,15.60233006677355
285,22,15.722213599197659
286,14,16.036102943079634
287,8,15.934297784004722
288,16,15.53758290076495
289,11,15.560703767647631
290,15,15.332668591186177
291,20,15.316035161626868
292,16,15.550233403545525
293,16,15.572721745289176
294,18,15.594085669945645
295,11,15.714381422211149
296,16,15.47866236302152
297,6,15.504729256791373
298,18,15.029492805872733
299,17,15.178018201341883
300,13,15.269117315116647
301,23,15.1556614851236
302,15,15.54787838702556
303,17,15.520484467674281
304,12,15.594460268132424
305,12,15.41473727856766
306,15,15.244000438481134
307,9,15.231800416557077
308,13,14.920210413610615
309,19,14.82419992869287
310,21,15.032989920337297
311,20,15.331340495846005
312,14,15.564773471053703
313,19,15.486534785580089
314,10,15.662208034380155
315,20,15.379097632661146
316,19,15.61014275102809
317,16,15.779635601555755
318,10,15.790653833398896
319,14,15.50112114172895
320,10,15.426065072721572
321,19,15.154761819085493
322,18,15.34702371621029
323,17,15.479672566162561
324,21,15.55568896169629
325,23,15.827904585137048
326,20,16.186509332038337
327,14,16.37718386543642
328,18,16.258324660243673
329,17,16.345408462994275
330,13,16.378138063686418
331,12,16.20923119626488
332,16,15.998769660293494
333,15,15.998831189199748
334,11,15.94888962973976
335,18,15.7014451601737
336,16,15.8163729379278
337,16,15.82555430295234
338,17,15.83427659972565
339,15,15.892562793581224
340,22,15.847934653902161
341,14,16.155537945048913
342,6,16.04776103587554
343,19,15.54537299600269
344,17,15.718104334281627
345,11,15.782199141409402
346,14,15.54308919625986
347,14,15.465934724525937
348,16,15.39263797637871
349,24,15.423006089480703
350,19,15.851855832690383
351,10,16.009263029134935
352,19,15.708799877678187
353,16,15.873359871873348
354,19,15.879691890200608
355,11,16.035707283769646
356,10,15.783921931502093
357,8,15.494725834926987
358,13,15.119989549141101
359,12,15.013990107446832
360,17,14.863290625916347
361,16,14.970126118462387
362,17,15.021619824460196
363,14,15.120538857079042
364,13,15.06451190230416
365,17,14.961286342951738
366,16,15.063222049646008
367,17,15.110060959084636
368,14,15.204557934972263
369,13,15.14433002630272
370,13,15.03711356075037
371,11,14.935257918475639
372,17,14.738495034472786
373,18,14.851570306591004
374,15,15.00899182702424
375,17,15.008542235673026
376,13,15.108115147731231
377,16,15.002709426107456
378,16,15.052573966723012
379,6,15.09994528030779
380,17,14.644948028213328
381,18,14.762700650644518
382,19,14.924565653875078
383,16,15.128337359260394
384,13,15.171920503218303
385,15,15.063324513820174
386,17,15.060158288129164
387,21,15.157150397564564
388,10,15.449292949211909
389,21,15.176828301751312
390,16,15.46798695818932
391,13,15.494587622200783
392,21,15.36985827685353
393,18,15.651365434536427
394,22,15.768797198572392
395,14,16.08035736248563
396,16,15.976339482440418
397,13,15.977522520239326
398,14,15.828646429990146
399,13,15.737214096569708
400,16,15.60035342750401
401,10,15.620335768049737
402,14,15.339318979647249
403,14,15.272353018743956
404,14,15.208735355885828
405,14,15.148298576170607
406,14,15.090883635441147
407,20,15.03633944174816
408,8,15.28452246966075
409,19,14.920296352138177
410,16,15.124281522610339
411,15,15.16806745840075
412,8,15.159664085480713
413,21,14.80168088716714
414,19,15.111596914334356
415,13,15.306017056696708
416,16,15.19071623962466
417,18,15.231180439564355
418,18,15.369621453348923
419,15,15.501140416444263
420,17,15.47608339562205
421,14,15.552279249682805
422,15,15.474665275277735
423,7,15.450932011513848
424,12,15.02838540497769
425,10,14.876966158570664
426,15,14.63311785064213
427,17,14.651461958110023
428,15,14.76888888404638
429,21,14.78044443984406
430,13,15.09142228937743
431,17,14.986851210671345
432,11,15.087508673979634
433,20,14.883133252201581
434,16,15.138976589591502
435,14,15.182027772032855
436,20,15.122926371510284
437,20,15.366780052934768
438,15,15.598441050288029
439,7,15.568518997773626
440,11,15.14009304192448
441,21,14.933088401749185
442,16,15.236434053187299
443,8,15.274612362448863
444,17,14.910881750286883
445,9,15.015337686614396
446,18,14.714570820165068
447,13,14.878842314919602
448,17,14.784900234936408
449,15,14.895655247031446
450,17,14.900872484679873
451,19,15.005828884287736
452,14,15.20553742815242
453,7,15.14526054482387
454,16,14.737997511622211
455,12,14.80109764796203
456,15,14.661042789405785
457,14,14.677990649935495
458,23,14.644091105517791
459,10,15.061886526400043
460,18,14.80879220008004
461,21,14.968352625838824
462,12,15.269935066072456
463,18,15.10643833661069
464,19,15.251116455542942
465,13,15.438560620844864
466,14,15.316632625565408
467,13,15.250800982366208
468,17,15.138260969010684
469,17,15.231347944402007
470,13,15.319780571023763
471,5,15.20379157823536
472,14,14.693601999323592
473,19,14.658921887436483
474,12,14.87597578114373
475,9,14.7321770159284
476,15,14.445568183013373
477,9,14.473289773862703
478,21,14.199625303050961
479,14,14.539644109423987
480,18,14.512661892031858
481,19,14.68702883319305
482,11,14.902677379612468
483,10,14.707543522552774
484,16,14.472166346425134
485,22,14.548558041024805
486,16,14.921130162815421
487,19,14.975073666595579
488,18,15.17631997134487
489,13,15.317504008540414
490,11,15.201628843876179
491,10,14.991547413603298
492,16,14.741970042923132
493,13,14.804871552697904
494,15,14.714628010825795
495,18,14.728896610284504
496,12,14.892451815533066
497,12,14.74782924859827
498,17,14.610437810010215
499,12,14.72991594335156
500,15,14.59342017002584
501,16,14.613749161524549
502,25,14.68306171536925
503,23,15.198908629600787
504,23,15.58896317427889
505,18,15.959514991723086
506,8,16.06153927789972
507,13,15.658462319965198
508,17,15.525539239729724
509,13,15.599262301585096
510,18,15.469299222268628
511,15,15.595834296917984
512,12,15.566042582072084
513,13,15.387740476810338
514,12,15.268353488732608
515,15,15.104935838137834
516,11,15.099689046230942
517,17,14.894704605840323
518,10,14.999969399390164
519,12,14.749970929420655
520,17,14.612472406791479
521,18,14.731848810293762
522,11,14.89525640554186
523,15,14.700493597185694
524,11,14.71546891732641
525,16,14.529695483381017
526,13,14.603210721132895
527,14,14.523050220839036
528,20,14.496897697876154
529,18,14.772052812982345
530,19,14.933450208096014
531,9,15.136777685770284
532,16,14.829938819363162
533,15,14.888441890315933
534,12,14.894019795800135
535,13,14.749318829851985
536,17,14.661852924122172
537,8,14.77876030175792
538,12,14.439822292630488
539,8,14.317831201840821
540,13,14.001939647709245
541,11,13.95184270108657
542,14,13.80425057795317
543,18,13.814038037134582
544,19,14.023336171040638
545,13,14.272169350567676
546,21,14.208560918802078
547,13,14.548132944387547
548,20,14.470726332930955
549,21,14.747190016284407
550,14,15.059830586995758
551,12,15.006839045725041
552,19,14.856497117280647
553,10,15.063672249495685
554,17,14.8104886370209
555,17,14.919964229011711
556,19,15.023966041402982
557,10,15.222767727411904
558,17,14.961629341041307
559,8,15.0635478978311
560,13,14.71037050890001
561,19,14.624852019217796
562,10,14.843609406335977
563,11,14.601428936019177
564,9,14.421357501139147
565,18,14.150289643963582
566,15,14.342775197528189
567,15,14.375636437651778
568,14,14.406854615769188
569,14,14.3865118730598
570,14,14.367186267485879
571,11,14.348826942190655
572,14,14.181385607002051
573,14,14.172316314731018
574,24,14.163700487073537
575,9,14.655515510403577
576,13,14.37273975276479
577,19,14.304102800889337
578,24,14.53889764892394
579,8,15.011952814161459
580,11,14.66135517941385
581,19,14.478287432364086
582,14,14.704373048824952
583,20,14.669154384462775
584,17,14.935696665239636
585,19,15.038911855819512
586,11,15.236966251107606
587,20,15.025117950473154
588,16,15.273862052949497
589,15,15.31016896222295
590,15,15.2946605141118
591,17,15.27992748840621
592,16,15.365931137827758
593,16,15.397634592857298
594,12,15.427752875135361
595,20,15.25636525522045
596,11,15.493546992459427
597,15,15.268869654757383
598,19,15.255426172019513
599,17,15.442654851497608
600,18,15.520522132764585
601,14,15.644496061889141
602,13,15.562271246873754
603,21,15.434157720292852
604,11,15.712449905803782
605,15,15.476827422434521
606,9,15.452986051312795
607,17,15.130336766628549
608,19,15.223819952138978
609,14,15.4126289426111
610,16,15.341997483559615
611,16,15.374897621302562
612,12,15.406152752158363
613,12,15.235845138392301
614,20,15.074052905314543
615,9,15.320350260048816
616,21,15.004332764927767
617,13,15.304116198206952
618,19,15.18891042405939
619,19,15.379464890935491
620,17,15.560491634467787
621,12,15.632467076586256
622,11,15.4508437465988
623,15,15.228301571189787
624,13,15.216886492630296
625,14,15.106042203761568
626,12,15.05074008165256
627,15,14.89820310141179
628,15,14.9032929463412
629,8,14.908128299024138
630,18,14.562721890033396
631,15,14.734585831294513
632,13,14.747856539729787
633,12,14.660463748506084
634,16,14.527440584922637
635,20,14.601068567597434
636,13,14.871015139217562
637,18,14.77746441801947
638,17,14.938591232881283
639,13,15.041661695079076
640,13,14.93957864608791
641,14,14.8425997495463
642,18,14.800469750148055
643,18,14.960446298403438
644,15,15.112424019246053
645,11,15.10680281828375
646,15,14.901462689290492
647,15,14.906389554825967
648,14,14.911070077084668
649,12,14.865516561309505
650,16,14.722240757085887
651,17,14.786128731152521
652,14,14.896822318436753
653,20,14.851981190593985
654,14,15.109382131064285
655,11,15.05391301259014
656,16,14.851217373881562
657,17,14.908656517108412
658,13,15.013223715094849
659,21,14.912562565102894
660,15,15.216934508373322
661,13,15.206087782954656
662,17,15.095783429569709
663,16,15.190994281933081
664,8,15.231444579757355
665,20,14.869872356729951
666,8,15.126378738893454
667,19,14.770059807909245
668,12,14.981556805592854
669,13,14.832478989155069
670,13,14.740855075460102
671,15,14.653812357449883
672,14,14.671121739577389
673,12,14.63756564067759
674,12,14.505687382485567
675,22,14.380403037203145
676,15,14.761382909184844
677,16,14.773313763725602
678,15,14.83464808746025
679,16,14.842915683087236
680,16,14.900769910853803
681,22,14.955731427232042
682,16,15.307944879712297
683,21,15.34254764764761
684,12,15.625420336790803
685,22,15.44414934379312
686,17,15.77194190044532
687,15,15.833344829264911
688,14,15.791677587801665
689,14,15.702093696490651
690,13,15.616988999745189
691,11,15.486139585520716
692,16,15.261832618165608
693,10,15.298740999178255
694,15,15.033803949219342
695,17,15.032113751758374
696,14,15.130508088012313
697,16,15.073982671690768
698,17,15.120283550027159
699,28,15.214269396367659
700,8,15.853555902707416
701,12,15.460878113532509
702,17,15.28783423169774
703,20,15.373442543954711
704,16,15.604770416756976
705,14,15.624531907840055
706,10,15.543305300527123
707,16,15.266140035500767
708,16,15.302833045646656
709,9,15.337691405285252
710,7,15.020806852902382
711,11,14.619766504296798
712,23,14.438778191002887
713,17,14.866839257610884
714,21,14.973497318572198
715,20,15.274822524169162
716,24,15.511081397960703
717,10,15.935527375746384
718,16,15.638751006959064
719,9,15.65681346853204
720,11,15.323972812986831
721,13,15.107774184258417
722,20,15.002385510808283
723,22,15.252266235267868
724,13,15.589652947346332
725,18,15.460170335741802
726,16,15.587161854717499
727,9,15.607803773902551
728,19,15.277413603088817
729,10,15.463542911013446
730,13,15.190365765462774
731,20,15.080847512952422
732,17,15.3268051373048
733,17,15.410464904281417
734,14,15.489941682909203
735,15,15.415444586842813
736,14,15.394672357500673
737,14,15.324938727704708
738,24,15.258691779398543
739,18,15.69575723811233
740,25,15.8109694119695
741,11,16.270420941371025
742,13,16.006899906223403
743,12,15.856554946675018
744,14,15.663727223183125
745,18,15.58054085010304
746,19,15.701513843360674
747,12,15.866438139271711
748,21,15.673116256149983
749,19,15.939460514868058
750,11,16.092487477203726
751,11,15.837863115264467
752,14,15.595969971422171
753,18,15.516171460930133
754,18,15.640362923646412
755,20,15.758344813226877
756,9,15.970427572565532
757,21,15.621906211818647
758,15,15.890810972753288
759,27,15.846270424115623
760,15,16.403956926751697
761,22,16.33375908041411
762,14,16.61707115023526
763,27,16.486217580802567
764,20,17.011906725604298
765,13,17.161311389324084
766,21,16.953245855620665
767,13,17.155583634365204
768,13,16.94780448840973
769,16,16.75041429975203
770,12,16.712893596685355
771,12,16.477248940692945
772,13,16.253386517500154
773,12,16.090717227387934
774,15,15.886181389860395
775,18,15.841872320367374
776,15,15.94977874011179
777,13,15.9022898031062
778,13,15.757175348713677
779,15,15.619316617040779
780,10,15.58835078618874
781,15,15.3089332468793
782,13,15.293486584535335
783,12,15.178812291071354
784,10,15.019871700359644
785,10,14.76887811534166
786,13,14.530434209574578
787,7,14.453912534858635
788,9,14.081216902155237
789,10,13.827156074928869
790,13,13.635798271182425
791,26,13.60400839338609
792,12,14.22380804524236
793,16,14.112617666822098
794,13,14.20698679540192
795,14,14.14663749139461
796,19,14.139305604903951
797,21,14.382340312737824
798,21,14.713223368626506
799,13,15.027562271720754
800,11,14.926184193897502
801,11,14.729874996123556
802,8,14.543381258238306
803,21,14.216212201286854
804,14,14.555401662748086
805,18,14.527631567689753
806,10,14.70125002506805
807,11,14.466187523814648
808,26,14.292878159544845
809,10,14.878234323093176
810,13,14.634322606938516
811,23,14.552606512354377
812,15,14.9749761628948
813,16,14.976227354750058
814,15,15.027415998933483
815,15,15.026045198986807
816,11,15.024742939037466
817,13,14.82350580400652
818,19,14.732330549568982
819,17,14.945714010169603
820,10,15.04842833350298
821,14,14.79600691682783
822,13,14.75620655906551
823,16,14.66839626687502
824,17,14.734976465452197
825,10,14.848227666021444
826,16,14.60581628272037
827,18,14.67552548050528
828,16,14.841749242242802
829,19,14.89966179205159
830,19,15.10467869052808
831,19,15.299444744080747
832,15,15.48447249495578
833,12,15.46024887020799
834,20,15.287236450539448
835,20,15.522874628012474
836,19,15.746730896611849
837,19,15.909394339860327
838,22,16.06392461094638
839,14,16.360728404240916
840,22,16.24269197210794
841,17,16.530557397344403
842,8,16.55402955131904
843,12,16.126328079713552
844,20,15.920011699569732
845,23,16.124011114591244
846,13,16.467810535019822
847,20,16.294420044031618
848,20,16.479699041830038
849,13,16.655714089738538
850,14,16.472928421014398
851,13,16.349281988042748
852,10,16.181817924403397
853,15,15.872727028183226
854,24,15.829090676774063
855,10,16.237636190619074
856,23,15.92575438108812
857,20,16.279466638191856
858,15,16.465493306282262
859,16,16.392218640968146
860,28,16.37260772084067
861,15,16.953977310956777
862,16,16.856278445408936
863,10,16.813464535059417
864,16,16.472791308306448
865,15,16.449151754812053
866,14,16.37669416707145
867,11,16.257859446796946
868,15,15.994966486378027
869,9,15.945218162059126
870,14,15.597957271837561
871,10,15.518059396324754
872,15,15.242156426508515
873,10,15.23004860518309
874,11,14.968546174923935
875,13,14.770118878098666
876,11,14.681612969956518
877,9,14.49753233337962
878,15,14.222655734592033
879,12,14.261522947862431
880,6,14.148446824311167
881,12,13.741024495016537
882,16,13.653973294107567
883,15,13.771274641323117
884,13,13.83271090925696
885,17,13.791075399556899
886,12,13.951521653420912
887,14,13.853945594591723
888,15,13.861248302941208
889,16,13.918185887794147
890,18,14.022276605325368
891,16,14.221162810821886
892,16,14.31010468220172
893,9,14.394599460012563
894,11,14.124869504893327
895,17,13.968626041569589
896,17,14.120194763332966
897,18,14.264185049008175
898,18,14.450975832320552
899,16,14.628427076467311
900,10,14.697005734564874
901,17,14.46215544783663
902,12,14.589047699286654
903,16,14.45959533816418
904,15,14.536615583176898
905,7,14.559784804018053
906,18,14.181795557856685
907,11,14.372705815726636
908,15,14.204070536861233
909,14,14.243867010018171
910,16,14.231673647596333
911,13,14.320089977137444
912,18,14.254085514043359
913,21,14.441381274103977
914,23,14.769312281924352
915,22,15.180846643986275
916,12,15.521804335628818
917,11,15.345714142689236
918,14,15.128428447475702
919,11,15.072007013180988
920,19,14.868406674442866
921,21,15.074986328799794
922,9,15.371237083885378
923,19,15.052675247572502
924,14,15.250041473272947
925,19,15.187539387688371
926,21,15.378162406383023
927,16,15.659254357589445
928,12,15.676291651630901
929,15,15.492477092891214
930,17,15.467853238246652
931,22,15.544460600176176
932,16,15.867237594009225
933,24,15.873875726229691
934,11,16.28018198760192
935,14,16.016172900142752
936,12,15.915364243214684
937,17,15.719596054895808
938,23,15.783616275992875
939,14,16.144435438351373
940,16,16.037213654512875
941,13,16.035352983708158
942,14,15.883585370285536
943,11,15.78940608985033
944,14,15.54993579727874
945,17,15.472438995493874
946,21,15.548817069561037
947,20,15.821376287608558
948,20,16.030307473228127
949,11,16.228792099566718
950,13,15.967352506509311
951,13,15.818984916946631
952,15,15.678035706862085
953,21,15.64413392151898
954,14,15.911927296968605
955,14,15.816330920199245
956,22,15.725514362268354
957,13,16.03923866799679
958,13,15.887276770359739
959,14,15.742912967604537
960,21,15.65576730730338
961,25,15.922979013463785
962,18,16.376830062790596
963,12,16.457988595413852
964,13,16.235089189485016
965,18,16.073334765773552
966,23,16.169668063247663
967,18,16.51118463624342
968,22,16.585625440194036
969,21,16.856344192026192
970,18,17.063527053950455
971,13,17.110350737015718
972,10,16.90483323592772
973,19,16.559591574131332
974,17,16.681611983503835
975,17,16.697531408170498
976,17,16.71265486160383
977,15,16.7270221423655
978,13,16.640671035247223
979,11,16.45863751924765
980,12,16.185705655206192
981,12,15.97642039628774
982,19,15.77759940031521
983,17,15.93871941837852
984,16,15.991783471301451
985,18,15.992194309657307
986,18,16.092584629937228
987,12,16.187955434203154
988,22,15.978557686334854
989,15,16.27962982585997
990,13,16.21564833456697
991,16,16.054865953601407
992,21,16.052122667842266
993,11,16.299516605975725
994,12,16.03454078759787
995,13,15.832813772059833
996,12,15.691173119219627
997,14,15.506614487100503
998,14,15.431283750824548
999,21,15.35971955136239
1000,17,15.641733645319844
1001,20,15.70964698689571
1002,10,15.924164637550923
1003,13,15.627956405673377
1004,22,15.496558621152495
1005,10,15.821730713936727
1006,18,15.530644178239891
1007,18,15.654112005090683
1008,27,15.771406440598936
1009,13,16.332836142410848
1010,16,16.16619437105309
1011,17,16.157884664421367
1012,10,16.199990455042155
1013,12,15.889990932290047
1014,19,15.695491409517402
1015,11,15.860716827120601
1016,12,15.6176809976855
1017,15,15.436796971643084
1018,15,15.414957123060928
1019,19,15.39420926690788
1020,20,15.574498791641558
1021,16,15.79577385205948
1022,17,15.805985171377435
1023,22,15.86568593665042
1024,14,16.172401663659755
1025,12,16.06378156855584
1026,13,15.860592513969905
1027,13,15.717562924034196
1028,8,15.581684813595272
1029,18,15.202600578875971
1030,12,15.34247058569496
1031,21,15.175347080252068
1032,18,15.466579797765037
1033,16,15.593250843639572
1034,14,15.613588313378521
1035,16,15.532908885788666
1036,12,15.556263453420161
1037,21,15.378450304591011
1038,21,15.659527860887033
1039,16,15.926551539368255
1040,17,15.93022397432077
1041,11,15.983712799446588
1042,15,15.734527171395186
1043,20,15.697800812825426
1044,15,15.912910772184153
1045,13,15.867265233574944
1046,19,15.723902007658983
1047,14,15.887706895355105
1048,13,15.79332153866642
1049,11,15.653655497495885
1050,15,15.420972734542019
1051,20,15.399924097814917
1052,19,15.62992789292417
1053,16,15.798431486357032
1054,15,15.80850992396011
1055,18,15.768084427762103
1056,20,15.879680242136784
1057,8,16.085696230029946
1058,18,15.681411424488912
1059,13,15.797340889027252
1060,8,15.657473880338676
1061,10,15.274600192282206
1062,13,15.010870182668095
1063,14,14.910326709297475
1064,14,14.864810361911672
1065,8,14.82156983189516
1066,12,14.480491346260864
1067,17,14.356466802789678
1068,14,14.488643486492052
1069,20,14.46421130024652
1070,21,14.741000735234193
1071,14,15.053950769998057
1072,14,15.001253219577224
1073,15,14.951190546677433
1074,11,14.953631019343561
1075,21,14.75594948029731
1076,17,15.068152077808017
1077,9,15.164744497759473
1078,17,14.856507290752893
1079,18,14.963681950057104
1080,11,15.115497888317035
1081,10,14.909723005822112
1082,13,14.664236855531007
1083,15,14.581025048517242
1084,12,14.601973796091379
1085,17,14.471875130128668
1086,16,14.598281397464092
1087,26,14.668367339511816
1088,15,15.234949044061798
1089,22,15.223201591858707
1090,19,15.56204153610763
1091,15,15.733939447381319
1092,11,15.697242475012253
1093,11,15.462380363182568
1094,23,15.239261356944368
1095,19,15.627298265255291
1096,10,15.795933340071597
1097,21,15.506136673068017
1098,19,15.78082991094019
1099,20,15.94178840347225
1100,17,16.14469898329864
1101,19,16.187464057975564
1102,14,16.328090843155856
1103,19,16.211686289077136
1104,11,16.35110196270235
1105,24,16.083546876488164
1106,17,16.479369580347473
1107,20,16.505401125171957
1108,21,16.680131068913358
1109,13,16.896124586993263
1110,24,16.701318393406385
1111,17,17.06625252141978
1112,18,17.062939919190647
1113,9,17.1097929589939
1114,15,16.704303328925597
1115,19,16.619088162479315
1116,28,16.73813374243442
1117,14,17.30122703147084
1118,11,17.136165667976368
1119,17,16.829357396498477
1120,16,16.83788955051541
1121,20,16.795995084910565
1122,18,16.956195330665036
1123,8,17.00838559989457
1124,24,16.557966325860306
1125,15,16.930068057251006
1126,16,16.833564654388454
1127,17,16.79188643358996
1128,16,16.802292135752317
1129,13,16.76217754088563
1130,13,16.574068699604133
1131,18,16.395365300386715
1132,16,16.475597071130167
1133,17,16.451817229494587
1134,15,16.479226391861715
1135,17,16.405265072268627
1136,14,16.43500184249705
1137,12,16.31325173845127
1138,11,16.097589175370565
1139,13,15.842709728522966
1140,22,15.700574277859603
1141,18,16.015545587808482
1142,14,16.114768344180845
1143,16,16.009029915050874
1144,5,16.00857843121926
1145,15,15.458149509658295
1146,22,15.43524203417538
1147,17,15.763479956308467
1148,19,15.825305982334902
1149,16,15.984040671297226
1150,10,15.984838649653293
1151,14,15.685596717170627
1152,13,15.601316869391166
1153,11,15.471251061684393
1154,16,15.247688520521102
1155,12,15.285304106415975
1156,13,15.121038924937034
1157,10,15.014987014452968
1158,23,14.764237663730318
1159,13,15.176025756701943
1160,14,15.067224504629632
1161,22,15.013863267477221
1162,18,15.363170127945217
1163,22,15.495011657310743
1164,20,15.820261098287062
1165,9,16.02924804337271
1166,17,15.677785659085467
1167,14,15.743896399973051
1168,17,15.65670156805347
1169,20,15.723866513492652
1170,18,15.93767318781802
1171,13,16.040789564189904
1172,17,15.888750121743195
1173,17,15.944312639497893
1174,17,15.997097031364856
1175,21,16.04724220363847
1176,16,16.294880164982118
1177,9,16.28013616865394
1178,11,15.916129378102635
1179,15,15.670322921118432
1180,15,15.63680677506251
1181,15,15.604966436309384
1182,8,15.574718114493914
1183,14,15.195982214729682
1184,18,15.136183092072269
1185,15,15.279373973231442
1186,12,15.265405274569869
1187,19,15.102135034683233
1188,16,15.297028271028141
1189,17,15.332176869397662
1190,12,15.415568049769636
1191,22,15.244789671123012
1192,21,15.58255021140872
1193,18,15.853422772363857
1194,15,15.96075166950845
1195,14,15.912714086033027
1196,12,15.817078369810446
1197,20,15.62622447516178
1198,14,15.84491325140369
1199,18,15.752667576912577
1200,13,15.865034233829734
1201,11,15.721782557901033
1202,15,15.48569344192691
1203,13,15.461408769830564
1204,15,15.338338367101823
1205,20,15.321421448746731
1206,5,15.555350376309393
1207,12,15.027582857493924
1208,14,14.876203738461085
1209,17,14.832393539617101
1210,13,14.940773886478103
1211,16,14.843735227916984
1212,17,14.901548478442063
1213,12,15.006471078361818
1214,15,14.856147548285584
1215,13,14.863340170871304
1216,12,14.770173198090525
1217,18,14.631664562027856
1218,13,14.800081369689249
1219,16,14.710077336967572
1220,16,14.774573482040122
1221,18,14.835844819859044
1222,15,14.99405261462888
1223,18,14.994349983897434
1224,18,15.144632520465349
1225,22,15.287400930204868
1226,22,15.623030907536481
1227,13,15.941879386001515
1228,15,15.794785452464225
1229,18,15.755046179841013
1230,19,15.86729390661175
1231,18,16.023929199360232
1232,9,16.122732775155008
1233,9,15.76659615427865
1234,14,15.42826636444611
1235,12,15.356853034302874
1236,17,15.189010406429588
1237,15,15.279559909949967
1238,18,15.265581914452468
1239,16,15.402302854492632
1240,16,15.432187723688928
1241,17,15.46057834942541
1242,14,15.537549455795997
1243,18,15.460671971085267
1244,24,15.58763840829379
1245,19,16.008256535562815
1246,17,16.157843696863743
1247,9,16.19995153586241
1248,15,15.839953976950683
1249,13,15.797956278103149
1250,13,15.658058499960777
1251,18,15.525155610725525
1252,22,15.648897865952035
1253,20,15.96645299649629
1254,18,16.168130346671475
1255,10,16.25972386510069
1256,18,15.946737671845653
1257,13,16.049400824016157
1258,22,15.896930818578134
1259,15,16.202084301491084
1260,14,16.14198008641653
1261,12,16.034881070174777
1262,13,15.833137040507895
1263,19,15.691480224245286
1264,14,15.856906201112093
1265,6,15.764060879135558
1266,16,15.275857847099708
1267,17,15.31206496666565
1268,18,15.396461742174225
1269,23,15.5266386908283
1270,14,15.900306732445026
1271,14,15.805291383901846
1272,9,15.715026802785824
1273,21,15.379275480527925
1274,18,15.660311778027102
1275,14,15.777296224888534
1276,22,15.688431401723179
1277,16,16.004009855478877
1278,15,16.00380937462586
1279,9,15.953618905894565
1280,21,15.60593797848123
1281,22,15.87564115108274
1282,19,16.18185911737046
1283,14,16.322766149581007
1284,11,16.206627830181027
1285,17,15.946296450592904
1286,12,15.998981651905115
1287,20,15.799032593151717
1288,22,16.009080963494128
1289,16,16.30862693916128
1290,20,16.293195604124143
1291,16,16.478535823917937
1292,15,16.454609044642968
1293,19,16.38187859241082
1294,20,16.51278465086935
1295,16,16.687145418325883
1296,19,16.65278815933052
1297,9,16.770148739443066
1298,23,16.381641320352305
1299,17,16.71255923049283
1300,18,16.726931292810043
1301,17,16.79058476393233
1302,20,16.80105554957757
1303,16,16.961002772098688
1304,14,16.91295264541468
1305,15,16.76730500122302
1306,22,16.678939751161867
1307,14,16.944992787445628
1308,14,16.797743136152416
1309,16,16.657855967423863
1310,17,16.624963180973598
1311,14,16.643715045766776
1312,13,16.511529281557507
1313,14,16.335952853242418
1314,19,16.219155198659365
1315,9,16.358197426805468
1316,16,15.990287573346587
1317,14,15.990773206600185
1318,16,15.891234534349246
1319,23,15.896672819552712
1320,15,16.25183915473322
1321,13,16.189247196996558
1322,17,16.029784872909516
1323,10,16.078295653105897
1324,12,15.774380870450601
1325,11,15.58566185076993
1326,13,15.35637877015236
1327,14,15.23855986740753
1328,19,15.176631862116222
1329,14,15.367800257089481
1330,11,15.299410232314077
1331,16,15.084439732619302
1332,10,15.130217757909264
1333,13,14.8737068700138
1334,17,14.780021562275897
1335,20,14.891020508003958
1336,12,15.14646948260376
1337,15,14.989146032315428
1338,12,14.989688730699656
1339,15,14.840204318006531
1340,21,14.848194102106204
1341,15,15.155784468526466
1342,17,15.147995245100143
1343,9,15.240595506686994
1344,12,14.928565749234037
1345,14,14.782137485614193
1346,15,14.743030599412554
1347,14,14.755879069441926
1348,15,14.7180851040489
1349,18,14.732180848846454
1350,11,14.895571842166918
1351,13,14.7007932619795
1352,14,14.615753634643312
1353,19,14.584965940990216
1354,12,14.805717632019775
1355,19,14.665431774260643
1356,15,14.882160173626682
1357,17,14.888052164945346
1358,18,14.993649580539936
1359,12,15.143967137275725
1360,18,14.986768804253796
1361,12,15.137430399803891
1362,11,14.980558903655554
1363,11,14.781530970393705
1364,18,14.592454433794948
1365,17,14.762831747867986
1366,14,14.874690184316444
1367,15,14.830955663179692
1368,16,14.839407880020707
1369,14,14.897437497940599
1370,21,14.852565611122639
1371,17,15.15993740209208
1372,12,15.251940555829334
1373,18,15.089343551879724
1374,22,15.234876410048523
1375,15,15.573132613387955
1376,15,15.544475982718556
1377,14,15.517252183582627
1378,20,15.441389562482566
1379,10,15.669320084358437
1380,22,15.385854080140515
1381,19,15.716561399975346
1382,20,15.880733318055649
1383,16,16.086696652152867
1384,18,16.08236183146615
1385,12,16.17824377565563
1386,15,15.969331610714706
1387,15,15.92086503017897
1388,17,15.87482177867002
1389,20,15.931080713578377
1390,23,16.13452667789946
1391,12,16.47780032016263
1392,18,16.253910327996355
1393,19,16.341214847359325
1394,22,16.474154093070428
1395,21,16.750446412258764
1396,22,16.9629241631714
1397,15,17.214777978854688
1398,17,17.104039079911953
1399,13,17.09883714975821
1400,20,16.893895328033086
1401,11,17.04920056163143
1402,20,16.746740545470786
1403,16,16.909403518197244
1404,21,16.86393335420831
1405,18,17.070736758023468
1406,17,17.11719995588508
1407,15,17.111339981932684
1408,16,17.00577298283605
1409,13,16.955484345615176
1410,13,16.757710164097205
1411,18,16.56982469165513
1412,11,16.64133349283516
1413,13,16.35926683011433
1414,14,16.1913035243714
1415,23,16.0817383362319
1416,20,16.427651395578447
1417,10,16.606268825799525
1418,16,16.275955384509547
1419,16,16.262157627205
1420,17,16.249049757765675
1421,11,16.286597293719247
1422,9,16.022267440954213
1423,19,15.671154086787896
1424,16,15.83759637052757
1425,17,15.845716563922121
1426,15,15.903430759567872
1427,11,15.858259221589478
1428,17,15.615346272430932
1429,13,15.684578982651242
1430,22,15.550350069281466
1431,16,15.87283258965925
1432,9,15.879190972097216
1433,11,15.535231441373748
1434,9,15.308469881225989
1435,20,14.993046405046082
1436,19,15.243394084793778
1437,30,15.43122436863316
1438,16,16.159663150201503
1439,19,16.151680004612356
1440,14,16.294095992460807
1441,12,16.179391180916838
1442,20,15.970421645712854
1443,17,16.171900563427208
1444,16,16.213305559097705
1445,10,16.202640293063748
1446,17,15.89250827841056
1447,17,15.94788288833189
1448,18,16.000488767757155
1449,17,16.100464365132083
1450,16,16.145441170717337
1451,12,16.138169124102397
1452,23,15.931260691739135
1453,14,16.28469763331032
1454,23,16.170462739723874
1455,12,16.51193957889582
1456,16,16.286342623792887
1457,15,16.272025504524173
1458,18,16.20842422929796
1459,18,16.29800305359585
1460,21,16.383102936678842
1461,14,16.613947861370473
1462,14,16.483250456381022
1463,19,16.35908792164104
1464,17,16.49113351363806
1465,15,16.516576861798015
1466,27,16.440748018708113
1467,19,16.968710641614564
1468,13,17.070275097612907
1469,14,16.86676137849505
1470,14,16.723423297649365
1471,13,16.587252120845967
1472,20,16.407889550566455
1473,16,16.587495073038134
1474,17,16.55812033130716
1475,12,16.58021433858366
1476,20,16.351203645496334
1477,17,16.533643463221516
1478,14,16.5569613139023
1479,13,16.429113236286256
1480,21,16.25765761023473
1481,18,16.494774801248568
1482,14,16.570036096948925
1483,16,16.441534280180548
1484,13,16.419457578092448
1485,22,16.248484734950612
1486,17,16.536060522044938
1487,15,16.55925751978455
1488,12,16.48129464379532
1489,6,16.257229935447413
1490,23,15.744368450595971
1491,20,16.107150004224316
1492,13,16.3017925040131
1493,17,16.13670291457523
1494,20,16.179867792688327
1495,13,16.37087440305391
1496,13,16.202330718664
1497,12,16.042214218493587
1498,26,15.840103531410765
1499,18,16.3480984263658
1500,15,16.430693540810296
1501,11,16.35915886376978
1502,15,16.09120093250222
1503,24,16.036640885877105
1504,14,16.434808889266964
1505,11,16.313068432882687
1506,24,16.04741502315948
1507,22,16.445044319685223
1508,14,16.722792127542817
1509,20,16.586652509244747
1510,16,16.757319883782507
1511,18,16.71945390151431
1512,16,16.783481242201383
1513,7,16.744307192012243
1514,22,16.257091826451166
1515,14,16.544237258970465
1516,12,16.417025384101013
1517,9,16.196174138737817
1518,17,15.836365449682319
1519,14,15.89454720104006
1520,15,15.799819829067127
1521,19,15.759828837613771
1522,16,15.921837383812154
1523,21,15.925745526542475
1524,11,16.179458321740924
1525,17,15.920485417574806
1526,17,15.974461170537923
1527,13,16.025738135852883
1528,31,15.874451264823024
1529,12,16.630728773107446
1530,13,16.39919235829393
1531,16,16.22923277614202
1532,14,16.217771149255846
1533,20,16.106882579872124
1534,15,16.301538450878517
1535,17,16.23646152833459
1536,15,16.274638475759716
1537,15,16.21090655197173
1538,16,16.150361224373142
1539,9,16.142843175075413
1540,22,15.785701034203035
1541,8,16.096416006334742
1542,22,15.691595211978468
1543,21,16.0070154752214
1544,22,16.256664772985904
1545,18,16.543831558178468
1546,13,16.61664001603233
1547,14,16.4358080509935
1548,19,16.314017636522898
1549,15,16.448316742775823
1550,23,16.37590090563703
1551,20,16.70710583651332
1552,15,16.871750544687654
1553,19,16.77816301745327
1554,11,16.889254854659676
1555,14,16.59479212384762
1556,22,16.465052505734306
1557,11,16.741799904289447
1558,15,16.454709920995903
1559,15,16.381974424946108
1560,10,16.3128757036988
1561,25,15.99723191851386
1562,9,16.447370322588164
1563,15,16.07500182434015
1564,13,16.02125173312314
1565,17,15.870189182229769
1566,15,15.926679746960138
1567,16,15.88034575961213
1568,21,15.886328483552452
1569,16,16.142012130900405
1570,17,16.134911536276313
1571,19,16.178165983304353
1572,12,16.319257672218207
1573,20,16.103294812449153
1574,22,16.298130071826694
1575,15,16.583223592077218
1576,18,16.504062412473356
1577,19,16.578859327612474
1578,19,16.699916349310918
1579,16,16.814920519924442
1580,17,16.774174505849146
1581,10,16.785465804398548
1582,13,16.44619251417862
1583,9,16.273882924232474
1584,13,15.910188795902243
1585,14,15.764679391869917
1586,14,15.676445410355491
1587,13,15.592623127916786
1588,13,15.462992007283733
1589,15,15.339842442682333
1590,14,15.322850320548214
1591,18,15.256707792599874
1592,17,15.393872438732666
1593,18,15.47417884063789
1594,17,15.600469934368782
1595,12,15.6704464614922
1596,18,15.486924162259447
1597,19,15.61257798990926
1598,18,15.781949078492868
1599,9,15.892851660331011
1600,13,15.548209095195853
1601,13,15.420798676198846
1602,13,15.29975877815169
1603,14,15.18477087500689
1604,19,15.125532319335615
1605,13,15.319255691447905
1606,16,15.203292942638296
1607,21,15.243128307427309
1608,14,15.530971963581516
1609,13,15.454423353481511
1610,18,15.331702221570222
1611,15,15.465117146254498
1612,15,15.441861288941771
1613,22,15.419768224494682
1614,13,15.748779837111805
1615,13,15.611340881019
1616,14,15.480773872730836
1617,12,15.406735167173364
1618,14,15.236398432656554
1619,19,15.174578499102797
1620,18,15.365849562226728
1621,15,15.497557119878177
1622,23,15.472679263884269
1623,21,15.849045276848196
1624,22,16.10659308453136
1625,16,16.40126345414665
1626,20,16.381200293360244
1627,10,16.562140278692233
1628,13,16.23403326475762
1629,18,16.072331637282524
1630,14,16.168715091181184
1631,8,16.060279324701195
1632,20,15.6572653644266
1633,17,15.87440209620527
1634,8,15.930682015236863
1635,13,15.534147920435483
1636,15,15.407440560176495
1637,15,15.38706853216767
1638,14,15.367715105559284
1639,19,15.29932933836039
1640,23,15.484362859521442
1641,21,15.86014469270351
1642,13,16.117137529593908
1643,21,15.961280688876998
1644,17,16.213216725958723
1645,22,16.252555913502647
1646,21,16.53992814166937
1647,21,16.762931806111474
1648,15,16.97478528733147
1649,14,16.876046022964896
1650,17,16.732243709895723
1651,15,16.745631548242795
1652,10,16.658349970830656
1653,19,16.325432472289123
1654,15,16.45916083675374
1655,14,16.386202794916052
1656,16,16.26689264324932
1657,16,16.25354802300778
1658,17,16.24087063377832
1659,16,16.278827125931265
1660,18,16.26488578155563
1661,13,16.351641528240634
1662,17,16.18405948759139
1663,20,16.22485653705368
1664,23,16.413613710200995
1665,21,16.742933000849085
1666,19,16.955786422332203
1667,24,17.057997089294663
1668,20,17.405097282513644
1669,16,17.53484241838796
1670,19,17.45810030938949
1671,16,17.535195281999087
1672,15,17.45843552982006
1673,12,17.335513753329057
1674,14,17.06873808950446
1675,14,16.915301173108308
1676,21,16.769536102531962
1677,20,16.981059368930936
1678,19,17.13200640048439
1679,13,17.22540606853924
1680,19,17.014135800875064
1681,18,17.11342899891038
1682,18,17.157757584727648
1683,19,17.19986974125405
1684,16,17.28987624227042
1685,24,17.225382442077827
1686,20,17.56411336765765
1687,20,17.685907699274768
1688,16,17.80161231431103
1689,15,17.711531710516407
1690,14,17.575955124990585
1691,20,17.397157356820127
1692,15,17.52729948897912
1693,23,17.400934514530164
1694,19,17.680887764961795
1695,16,17.746843364792777
1696,16,17.659501208474065
1697,14,17.57652615997129
1698,19,17.397699840051796
1699,24,17.477814836128278
1700,13,17.80392414200558
1701,21,17.563727970668086
1702,15,17.735541643660255
1703,18,17.598764561477243
1704,14,17.618826369166168
1705,11,17.43788503878693
1706,17,17.11599079876851
1707,21,17.11019128267194
1708,16,17.304681790063917
1709,14,17.23944771248165
1710,19,17.07747531493664
1711,12,17.173601537268876
1712,16,16.91492148424729
1713,16,16.869175421955855
1714,15,16.82571666277899
1715,16,16.73443082964004
1716,16,16.697709300078966
1717,15,16.662823846995945
1718,10,16.57968265464615
1719,19,16.25069852191384
1720,22,16.388163583897217
1721,14,16.668755428544216
1722,16,16.535317645196073
1723,18,16.508551774857196
1724,23,16.58312422187712
1725,11,16.903967986941407
1726,16,16.608769599515263
1727,24,16.57833113146043
1728,20,16.949414622571126
1729,16,17.10194389144257
1730,12,17.04684670879137
1731,17,16.79450439719366
1732,19,16.804779201175833
1733,15,16.914540229196113
1734,17,16.818813217736306
1735,15,16.82787258069135
1736,15,16.73647895165678
1737,21,16.64965500407394
1738,12,16.867172325395813
1739,17,16.62381373296788
1740,20,16.642623070161342
1741,5,16.810491916653277
1742,14,16.21996732082061
1743,20,16.108968942858652
1744,16,16.30352049571572
1745,14,16.28834448285086
1746,16,16.173927246787386
1747,14,16.165230896368946
1748,17,16.056969339629568
1749,15,16.104120896489945
1750,17,16.048914851665447
1751,18,16.09646913292403
1752,19,16.191645712040618
1753,14,16.332063414517656
1754,10,16.215460231870843
1755,10,15.9046872202773
1756,8,15.609452859263435
1757,20,15.228980222260727
1758,17,15.46753121114769
1759,20,15.544154674432164
1760,18,15.766946940710556
1761,20,15.878599629437813
1762,16,16.084669647965924
1763,20,16.080436177488558
1764,15,16.276414368614127
1765,18,16.212593650183422
1766,19,16.301964003437035
1767,20,16.436865791344253
1768,14,16.61502250177704
1769,11,16.48427136476726
1770,14,16.210057808449825
1771,20,16.099554906106405
1772,9,16.294577160801083
1773,14,15.92984832064242
1774,17,15.83335589268937
1775,13,15.89168812189676
1776,11,15.747103751564708
1777,20,15.509748575907402
1778,13,15.734261147112031
1779,15,15.597548125519216
1780,17,15.567670719243255
1781,16,15.63928720712295
1782,23,15.65732285868773
1783,19,16.024456691911485
1784,12,16.173233845394982
1785,22,15.96457217696709
1786,11,16.26634359196059
1787,15,16.00302642428349
1788,16,15.952875103069315
1789,20,15.955231359836779
1790,12,16.15746979184494
1791,14,15.949596326094548
1792,12,15.852116497868892
1793,15,15.659510696817303
1794,25,15.626535161976438
1795,17,16.095208403877614
1796,11,16.140448007525592
1797,18,15.883425619070241
1798,13,15.989254373879515
1799,11,15.839791690948326
1800,12,15.597802118321837
1801,18,15.417912036247603
1802,19,15.54701647019801
1803,23,15.71966563476718
1804,13,16.083682329186963
1805,13,15.929498248490402
1806,17,15.783023371828667
1807,24,15.84387222707909
1808,19,16.251678663408853
1809,21,16.38909471831748
1810,18,16.619640053927178
1811,9,16.688658086993605
1812,23,16.304225200525316
1813,19,16.63901391665719
1814,16,16.757063208903404
1815,21,16.71921006037916
1816,18,16.933249628885775
1817,18,16.98658718320427
1818,21,17.037257859806843
1819,16,17.235395038342073
1820,24,17.173625298345897
1821,10,17.51494408111232
1822,16,17.1391968770567
1823,16,17.082237045124796
1824,17,17.028125204789482
1825,11,17.026718968391865
1826,16,16.7253830318932
1827,22,16.68911389221947
1828,20,16.95465822145035
1829,16,17.106925310377832
1830,14,17.051579056779868
1831,19,16.899000092019946
1832,25,17.004050075498018
1833,19,17.403847571723116
1834,12,17.48365518121603
1835,16,17.209472445997086
1836,13,17.14899883561816
1837,18,16.941548929600035
1838,13,16.99447151888282
1839,14,16.794747978701462
1840,18,16.65501056784546
1841,19,16.72226007521597
1842,14,16.83614705953424
1843,18,16.6943396946366
1844,13,16.759622745667556
1845,18,16.571641644146965
1846,25,16.643059597702404
1847,13,17.06090661781728
1848,18,16.857861322689203
1849,21,16.91496829231753
1850,10,17.119219949227226
1851,12,16.763258951765863
1852,13,16.525096028019426
1853,19,16.348841262381242
1854,17,16.48139918734125
1855,14,16.507329251816046
1856,19,16.381962777304313
1857,14,16.512864626518166
1858,21,16.387221383271328
1859,11,16.617860385633335
1860,11,16.336967378272597
1861,9,16.070119021279893
1862,15,15.716613088097292
1863,10,15.680782433692427
1864,18,15.396743312007805
1865,22,15.526906182170201
1866,12,15.850560896903549
1867,14,15.65803287590023
1868,18,15.575131220184288
1869,17,15.696374694937859
1870,12,15.761555984032823
1871,14,15.57347820867304
1872,15,15.494804286318457
1873,19,15.470064072002534
1874,11,15.646560856481479
1875,19,15.414232825578333
1876,22,15.593521172378487
1877,18,15.91384513760142
1878,11,16.018152916484134
1879,13,15.767245282580856
1880,20,15.6288830542146
1881,20,15.84743890150387
1882,19,16.055066956428675
1883,11,16.20231359668631
1884,19,15.942197928772922
1885,11,16.095088020413346
1886,23,15.840333631313607
1887,7,16.19831692590607
1888,15,15.738401073650301
1889,12,15.701481019967785
1890,24,15.516406992811254
1891,11,15.940586690854406
1892,17,15.693557368232614
1893,18,15.758879523662841
1894,21,15.870935583242485
1895,18,16.127388875605934
1896,8,16.221019467588423
1897,15,15.809968500169466
1898,9,15.769470075160992
1899,12,15.430996589284335
1900,23,15.259446783661977
1901,23,15.64647442063702
1902,25,16.01415067576331
1903,15,16.463443141975144
1904,23,16.390270984876388
1905,16,16.720757411790707
1906,17,16.6847195531221
1907,20,16.70048359930785
1908,16,16.865459419342457
1909,15,16.822186460296262
1910,7,16.731077137281446
1911,24,16.24452327445691
1912,21,16.632297158417778
1913,12,16.85068237202246
1914,15,16.608148277263197
1915,17,16.527740863400037
1916,19,16.55135384407189
1917,18,16.673786139947367
1918,11,16.740096868712783
1919,27,16.453092037198072
1920,21,16.980437459180024
1921,22,17.181415657746594
1922,12,17.422344898701123
1923,16,17.151227677607924
1924,23,17.093666305648455
1925,18,17.388982966524175
1926,19,17.41953385396075
1927,15,17.49855714934178
1928,12,17.373629291874693
1929,22,17.104947851122816
1930,20,17.349700482408533
1931,16,17.482215458288106
1932,17,17.40810469729463
1933,15,17.387699486271753
1934,18,17.268314511958163
1935,13,17.30489882212304
1936,17,17.089653916779675
1937,23,17.085171244782547
1938,19,17.38091265870156
1939,15,17.461867013845552
1940,15,17.338773663153273
1941,21,17.22183497999561
1942,15,17.410743302521404
1943,13,17.290206137395334
1944,19,17.075695866288353
1945,15,17.171911061053006
1946,20,17.063315508000354
1947,12,17.210149732600335
1948,10,16.949642269812177
1949,20,16.602160156321567
1950,13,16.772052148505487
1951,14,16.583449576843
1952,15,16.45427708607992
1953,8,16.38156323177592
1954,16,15.962485076147589
1955,16,15.964360834261138
1956,18,15.966142804469008
1957,20,16.067835700008345
1958,17,16.264443915007927
1959,16,16.30122174309939
1960,16,16.28616066786535
1961,14,16.271852646393008
1962,16,16.158260002152428
1963,14,16.150347013965735
1964,25,16.04282965134652
1965,18,16.490688168779194
1966,20,16.56615379610302
1967,13,16.737846106297866
1968,17,16.55095383674576
1969,11,16.573406168750328
1970,16,16.294735872233737
1971,17,16.27999909054298
1972,19,16.31599915985769
1973,16,16.450199189943874
1974,16,16.427689242367606
1975,11,16.406304792170154
1976,12,16.135989564482575
1977,14,15.929190110100302
1978,22,15.832730592674357
1979,17,16.141094086882497
1980,15,16.18403940638023
1981,11,16.124837436061217
1982,25,15.868595576179084
1983,18,16.32516579737013
1984,13,16.40890754326441
1985,13,16.238462201863975
1986,15,16.076539127533565
1987,15,16.022712171156886
1988,13,15.971576562599042
1989,25,15.822997770231876
1990,14,16.28184788172028
1991,20,16.16775547571334
1992,16,16.35936770192767
1993,15,16.341399328752217
1994,21,16.274329362314607
1995,11,16.510612965724448
1996,11,16.23508232935915
1997,10,15.973328224812123
1998,17,15.674661813571516
1999,13,15.740928746734797
2000,17,15.603882345160843
2001,12,15.673688251744657
2002,13,15.490003862999282
2003,13,15.365503705612104
2004,16,15.247228556094285
2005,19,15.2848671402105
2006,14,15.470623771279044
2007,11,15.397092570794163
2008,21,15.177237954175382
2009,19,15.468376127992187
2010,11,15.644957309671648
2011,17,15.412709456108994
2012,14,15.492074007145401
2013,21,15.417470294867202
2014,18,15.696596851649415
2015,19,15.81176704482973
2016,9,15.971178680667315
2017,19,15.622619764515342
2018,25,15.791488764368646
2019,18,16.251914326150214
2020,18,16.339318645605488
2021,13,16.422352749088
2022,17,16.251235147396386
2023,11,16.288673413868423
2024,20,16.02423975509593
2025,20,16.223027767341133
2026,14,16.411876378974075
2027,9,16.29128254810444
2028,16,15.926718438580611
2029,14,15.930382528572508
2030,17,15.833863390222954
2031,6,15.892170244553663
2032,17,15.397561744246907
2033,13,15.477683680876419
2034,21,15.353799532595385
2035,18,15.636109627491189
2036,16,15.754304181879416
2037,17,15.766588984706374
2038,16,15.828259559312912
2039,12,15.836846593268195
2040,21,15.645004287446643
2041,18,15.912754144599884
2042,12,16.017116473132674
2043,12,15.816260673317897
2044,12,15.62544766349386
2045,18,15.444175304161025
2046,17,15.57196657471576
2047,17,15.643368269821828
2048,16,15.711199880172593
2049,11,15.725639898084891
2050,17,15.489357915101575
2051,20,15.564890043188354
2052,21,15.786645541028935
2053,20,16.047313335503063
2054,17,16.24494766872791
2055,24,16.28270030913337
2056,11,16.66856534136042
2057,13,16.385137086213327
2058,15,16.215880267665447
2059,15,16.155086254282175
2060,15,16.097331941568065
2061,15,16.042465344489663
2062,22,15.99034207726518
2063,13,16.290824997243778
2064,24,16.126283783144373
2065,19,16.51996964167087
2066,22,16.643971147666395
2067,10,16.911772614124935
2068,13,16.566183983418686
2069,17,16.387874820010538
2070,15,16.418481102851867
2071,7,16.347557047709273
2072,17,15.880179189363345
2073,14,15.936170253737034
2074,17,15.839361729129253
2075,18,15.897393666514647
2076,15,16.002524018951704
2077,17,15.952397818004117
2078,16,16.00477795094577
2079,13,16.004539065319406
2080,17,15.854312147816222
2081,17,15.911596564267267
2082,20,15.96601675989576
2083,19,16.16771592190097
2084,18,16.309330113884993
2085,15,16.39386364395353
2086,17,16.324170461755855
2087,18,16.35796196250992
2088,19,16.44006390014721
2089,13,16.568060693218918
2090,7,16.38965769432076
2091,15,15.920174803644258
2092,17,15.874166063462045
2093,17,15.9304577841308
2094,16,15.983934918766117
2095,17,15.984738184748739
2096,17,16.035501299353157
2097,8,16.083726258227358
2098,16,15.679539951276453
2099,13,15.69556296563356
2100,12,15.560784853114669
2101,11,15.382745634300793
2102,14,15.163608364506683
2103,10,15.105427934360419
2104,18,14.850156537642397
2105,19,15.007648746523063
2106,16,15.20726629727598
2107,14,15.24690299433311
2108,18,15.184557832695525
2109,12,15.325329976823534
2110,12,15.159063501824214
2111,7,15.00111035057486
2112,23,14.601054827085653
2113,22,15.021002061889511
2114,18,15.369951982636893
2115,17,15.501454419267835
2116,20,15.576381722146301
2117,10,15.797562636038986
2118,16,15.507684504237035
2119,23,15.532300290946113
2120,18,15.905685252556948
2121,11,16.010401025691884
2122,18,15.759880986328218
2123,22,15.871886972774593
2124,8,16.17829264797772
2125,20,15.769378021539298
2126,18,15.980909120462332
2127,18,16.081863700202
2128,25,16.177770550954683
2129,9,16.618882023406947
2130,17,16.237937940117995
2131,17,16.27604106695395
2132,12,16.31223903744811
2133,10,16.09662710941756
2134,19,15.791795753946682
2135,19,15.952205954328418
2136,14,16.104595644691067
2137,19,15.999365850535584
2138,14,16.149397546087876
2139,14,16.041927656862555
2140,9,15.939831262098497
2141,14,15.592839716874966
2142,11,15.513197719110288
2143,22,15.287537845075702
2144,23,15.623160976663774
2145,12,15.992002903988727
2146,17,15.792402782631148
2147,23,15.852782667341447
2148,14,16.210143510132518
2149,11,16.09963632270496
2150,19,15.84465451849064
2151,13,16.00242178064518
2152,19,15.852300727375706
2153,21,16.00968567908599
2154,19,16.259201466657263
2155,16,16.39624138140347
2156,5,16.376429324254225
2157,22,15.807607858041512
2158,25,16.117227488981293
2159,31,16.561366114532227
2160,9,17.28329788033119
2161,15,16.869133004196023
2162,16,16.77567635398622
2163,19,16.736892548207837
2164,16,16.850047908876515
2165,17,16.807545525353618
2166,23,16.817168272927795
2167,14,17.126309835439546
2168,13,16.96999433174664
2169,19,16.771494650922094
2170,12,16.882919906455058
2171,16,16.63877393497416
2172,18,16.606835250146382
2173,11,16.67649352340185
2174,19,16.392668859152685
2175,18,16.523035404274122
2176,25,16.5968836698232
2177,13,17.017039486332038
2178,21,16.816187547778224
2179,23,17.025378241914886
2180,17,17.324109305977284
2181,9,17.307903864520277
2182,19,16.892508689175656
2183,17,16.997883242795943
2184,17,16.997989104498004
2185,15,16.99808967311496
2186,16,16.898185189459213
2187,16,16.85327594190718
2188,16,16.810612156732752
2189,19,16.77008156081704
2190,13,16.88157747085526
2191,16,16.687498633075283
2192,12,16.653123713342445
2193,20,16.42046755151718
2194,20,16.599444173941322
2195,20,16.769471965244257
2196,18,16.930998366982045
2197,37,16.984448484395728
2198,25,17.9852260840178
2199,14,18.33596477981691
2200,14,18.119166528905133
2201,18,17.913208190538946
2202,16,17.917547816774785
2203,12,17.821670437856973
2204,14,17.530586939805982
2205,14,17.354057580894754
2206,12,17.186354689929086
2207,14,16.92703697927449
2208,10,16.780685118389837
2209,12,16.441650862470343
2210,19,16.219568343188683
2211,20,16.35858991410832
2212,15,16.540660418402904
2213,16,16.46362739748276
2214,17,16.44044603952955
2215,17,16.46842376139493
2216,15,16.49500259716704
2217,14,16.420252467308686
2218,19,16.299239832022323
2219,18,16.434277828500278
2220,19,16.512563972838052
2221,12,16.636935762275222
2222,17,16.40508899800332
2223,21,16.43483457194501
2224,24,16.66309291487333
2225,7,17.02993831681338
2226,17,16.528441395012244
2227,16,16.55201934910349
2228,14,16.524418393569242
2229,16,16.39819746196985
2230,24,16.378287600792284
2231,18,16.759373268436384
2232,12,16.821404640777352
2233,15,16.580334432580344
2234,15,16.501317710951326
2235,16,16.42625182540376
2236,22,16.4049392460545
2237,11,16.684692307593632
2238,20,16.40045770413488
2239,13,16.580434818928133
2240,18,16.40141311374451
2241,17,16.481342493820073
2242,17,16.507275392970925
2243,15,16.531911647164236
2244,17,16.455316064806023
2245,19,16.48255028540758
2246,26,16.60842275921627
2247,16,17.07800169278103
2248,19,17.024101620062908
2249,16,17.12289652713883
2250,19,17.066751712702818
2251,10,17.163414115146747
2252,18,16.80524340938941
2253,19,16.864981274682727
2254,16,16.97173219902766
2255,15,16.923145600997206
2256,20,16.826988320947343
2257,18,16.985638904899975
2258,15,17.036356995417762
2259,13,16.934539145646873
2260,16,16.737812224127314
2261,10,16.700921624841875
2262,17,16.36587554359978
2263,19,16.397581790261647
2264,25,16.527702688827635
2265,13,16.95131755438625
2266,21,16.753751712429725
2267,17,16.96606419833381
2268,17,16.96776101225898
2269,15,16.969372985487887
2270,17,16.870904336213492
2271,19,16.877359143244675
2272,11,16.98349117416151
2273,11,16.684316627374365
2274,13,16.400100807926577
2275,23,16.230095803293032
2276,16,16.56859098928652
2277,15,16.540161451743124
2278,20,16.46315337915597
2279,14,16.63999571019817
2280,9,16.507995912767335
2281,20,16.13259613501036
2282,15,16.32596632825984
2283,14,16.25966801184685
2284,22,16.146684599333575
2285,11,16.439350393208755
2286,18,16.167382885469245
2287,17,16.259013776958568
2288,21,16.2960631119525
2289,15,16.53126002788045
2290,17,16.45469702648643
2291,19,16.481962199003966
2292,19,16.607864077132838
2293,23,16.727470861355265
2294,19,17.041097294445642
2295,15,17.13904241780243
2296,11,17.03209029691231
2297,17,16.730485793987622
2298,15,16.7439615281301
2299,19,16.656763451723595
2300,11,16.773925267216484
2301,13,16.48522901577659
2302,19,16.310967600750544
2303,21,16.44541920879209
2304,18,16.67314831987806
2305,13,16.73949093964694
2306,10,16.55251642842738
2307,14,16.22489060700601
2308,12,16.11364606473478
2309,20,15.907963785339899
2310,11,16.112565596072905
2311,20,15.856937328190188
2312,15,16.06409046178068
2313,36,16.010885938691644
2314,9,17.010341713282635
2315,17,16.609824645499895
2316,23,16.629333437066755
2317,19,16.94786674137156
2318,22,17.050473392382052
2319,11,17.297949746604807
2320,20,16.983052271195493
2321,14,17.13389965763572
2322,18,16.977204662833003
2323,16,17.02834446545414
2324,15,16.97692725410236
2325,18,16.878080891397243
2326,18,16.934176882590165
2327,13,16.987468074223443
2328,15,16.788094706275057
2329,16,16.698689970961304
2330,12,16.663755484334168
2331,20,16.430567733959315
2332,16,16.609039347261348
2333,22,16.57858739181921
2334,21,16.849658046070104
2335,17,17.057175215292173
2336,9,17.054316478369422
2337,15,16.651600672332343
2338,12,16.569020638715728
2339,11,16.3405696306218
2340,20,16.07354116101164
2341,18,16.26986410296106
2342,17,16.35637093357579
2343,16,16.388552410738857
2344,16,16.36912480212284
2345,14,16.350668573937625
2346,10,16.233135133319813
2347,17,15.921478376653821
2348,23,15.975404481662988
2349,14,16.32663423373798
2350,13,16.210302510130152
2351,11,16.04978742038643
2352,22,15.797298061288037
2353,13,16.107433182065492
2354,17,15.952061558725003
2355,14,16.004458504630612
2356,8,15.904235567478151
2357,14,15.509023795064708
2358,18,15.433572593390544
2359,13,15.561893999483802
2360,16,15.433799335272399
2361,18,15.462109380429707
2362,17,15.589003947171008
2363,22,15.659553773654315
2364,9,15.976576108813456
2365,19,15.627747321254176
2366,22,15.796359943270538
2367,15,16.106541969948868
2368,17,16.05121487145142
2369,19,16.09865415172071
2370,20,16.243721432213743
2371,12,16.431535360603057
2372,18,16.20995861641476
2373,12,16.29946072135681
2374,13,16.084487709130826
2375,16,15.93026335943707
2376,15,15.933750203386145
2377,10,15.887062693216837
2378,13,15.592709558555995
2379,14,15.463074116390981
2380,12,15.389920398650503
2381,18,15.220424402559836
2382,20,15.35940321819463
2383,22,15.591433057284899
2384,18,15.911861428262512
2385,14,16.016268392612172
2386,26,15.915454961060634
2387,25,16.419682284533174
2388,17,16.848698170306513
2389,18,16.856263285633045
2390,14,16.913450157114177
2391,17,16.767777637337538
2392,14,16.77938877931252
2393,24,16.640419328425963
2394,19,17.008398409688382
2395,17,17.107978477283034
2396,14,17.102579577260737
2397,23,16.94745058647677
2398,12,17.250078033311073
2399,11,16.987574155487376
2400,12,16.688195459633935
2401,13,16.453785710494095
2402,20,16.28109646073218
2403,20,16.46704163769557
2404,24,16.643689555810788
2405,19,17.011505125703962
2406,23,17.110929857497833
2407,19,17.405383340781082
2408,18,17.485114161821098
2409,22,17.51085848949283
2410,21,17.735315588860043
2411,19,17.898549880942614
2412,12,17.953622374974554
2413,12,17.655941280067683
2414,22,17.373144239906157
2415,9,17.604487051752706
2416,16,17.174262717046464
2417,20,17.11554959311507
2418,15,17.259772113459317
2419,16,17.14678350778635
2420,16,17.08944434431796
2421,19,17.03497213902299
2422,12,17.13322352015091
2423,16,16.876562367985223
2424,14,16.83273426150689
2425,6,16.691097536510615
2426,19,16.15654267160601
2427,7,16.29871552610478
2428,17,15.833779743839075
2429,10,15.89209078048898
2430,18,15.59748624146453
2431,20,15.71761196515409
2432,16,15.931731366896384
2433,20,15.935144810472494
2434,13,16.13838756994887
2435,14,15.981468227214211
2436,14,15.882394803932572
2437,16,15.788275051815013
2438,13,15.79886131114519
2439,11,15.658918281350717
2440,26,15.42597237920411
2441,18,15.954673831769478
2442,17,16.05694017594379
2443,16,16.104093190988458
2444,14,16.098888543359962
2445,14,15.993944104271034
2446,11,15.894246887136552
2447,15,15.649534554700653
2448,10,15.617057826965619
2449,19,15.336204935617337
2450,15,15.51939467691554
2451,15,15.493424943069764
2452,18,15.468753695916275
2453,16,15.595316046883248
2454,13,15.615550256460013
2455,15,15.4847727793998
2456,16,15.46053414042981
2457,18,15.487507445329246
2458,17,15.613132108825571
2459,19,15.68247552722615
2460,16,15.848351738943911
2461,17,15.855934163917643
2462,13,15.913137479563618
2463,16,15.767480641348223
2464,12,15.779106621201741
2465,12,15.590151313983512
2466,11,15.410643772126193
2467,18,15.190111595440811
2468,20,15.330606051431557
2469,21,15.56407574885998
2470,16,15.835872032942554
2471,17,15.844078443216354
2472,10,15.901874544897394
2473,16,15.606780817652524
2474,20,15.626441788690826
2475,11,15.845119699256283
2476,17,15.602863726214398
2477,12,15.672720563745536
2478,18,15.489084559400116
2479,17,15.614630367192897
2480,14,15.683898872675108
2481,14,15.599703917120424
2482,19,15.519718709343474
2483,16,15.69373276195537
2484,13,15.70904613577853
2485,20,15.57359386475239
2486,22,15.794914171514769
2487,12,16.10516848678089
2488,13,15.899910086283702
2489,20,15.754914617732304
2490,13,15.967168886845688
2491,23,15.81881047826619
2492,20,16.177869930511022
2493,22,16.36897643398547
2494,13,16.650527636128054
2495,24,16.468001290084437
2496,25,16.844601273263933
2497,6,17.252371209600735
2498,13,16.689752661041627
2499,16,16.505265063752333
2500,22,16.480001822485644
2501,24,16.75600175520322
2502,15,17.118201715126773
2503,15,17.012291629370434
2504,25,16.91167704790191
2505,16,17.316093195506813
2506,23,17.2502885476524
2507,8,17.53777409642792
2508,16,17.060885397566988
2509,13,17.007841139609567
2510,19,16.807449118391876
2511,18,16.91707665055135
2512,20,16.97122285378657
2513,13,17.12266171109724
2514,23,16.916528661305165
2515,18,17.220702204398048
2516,13,17.259667129940933
2517,21,17.046683809206673
2518,17,17.244349690271914
2519,20,17.232132229600175
2520,16,17.370525618120165
2521,18,17.301999349135084
2522,21,17.336899417441117
2523,18,17.520054518094636
2524,18,17.54405182795269
2525,16,17.566849272317842
2526,19,17.488506820622877
2527,16,17.564081467670803
2528,21,17.485877406208193
2529,13,17.661583607423356
2530,18,17.428504462814974
2531,20,17.45707927543701
2532,20,17.584225311665158
2533,20,17.7050140460819
2534,18,17.819763343777804
2535,13,17.8287752123517
2536,14,17.587336487496902
2537,14,17.407969651201128
2538,22,17.237571156720144
2539,9,17.475692622725994
2540,15,17.051908009471088
2541,14,16.949312608997534
2542,21,16.801846966626726
2543,27,17.01175468982096
2544,18,17.51116697917177
2545,12,17.535608665975968
2546,16,17.258828256519028
2547,17,17.195886855614006
2548,14,17.18609253667516
2549,19,17.026787897920475
2550,18,17.125448491103523
2551,13,17.169176102311134
2552,20,16.960717332958364
2553,16,17.112681466310445
2554,18,17.05704740491585
2555,12,17.104195070432844
2556,22,16.84898534075306
2557,18,17.106536097557264
2558,19,17.151209328442185
2559,20,17.243648850099145
2560,18,17.381466407594186
2561,18,17.412393122977264
2562,18,17.441773502591186
2563,16,17.469684863224412
2564,19,17.39620063198412
2565,16,17.476390588463982
2566,7,17.40257107096171
2567,15,16.88244251145316
2568,15,16.7883203858805
2569,16,16.698904366586476
2570,19,16.66395916017808
2571,21,16.78076119024825
2572,19,16.99172320226141
2573,14,17.092137030227413
2574,19,16.937530166795113
2575,15,17.040653646534427
2576,24,16.938620964207704
2577,17,17.291689963681034
2578,14,17.27710548933884
2579,14,17.11325020295097
2580,17,16.95758768088249
2581,15,16.95970832068022
2582,21,16.86172290464621
2583,21,17.06863683093947
2584,21,17.26520506091807
2585,22,17.45194487939774
2586,17,17.67934765926971
2587,16,17.64538030014808
2588,16,17.563111297061603
2589,14,17.48495574412945
2590,9,17.310707945002047
2591,27,16.895172565633338
2592,18,17.40041396119353
2593,18,17.43039329889664
2594,12,17.458873669714592
2595,15,17.18593001007072
2596,13,17.076633509567184
2597,21,16.87280186985161
2598,18,17.079161847884603
2599,12,17.12520379125316
2600,16,16.86894362553236
2601,15,16.82549645617667
2602,18,16.734221633367834
2603,23,16.797510587462227
2604,31,17.10763503424726
2605,13,17.80225335406047
2606,16,17.56214072212023
2607,22,17.484033697935146
2608,17,17.709832036880247
2609,15,17.674340458878092
2610,16,17.540623435934187
2611,12,17.463592276058407
2612,15,17.190412686097343
2613,18,17.080892051792475
2614,18,17.126847484965637
2615,11,17.170505146480142
2616,19,16.861979901077063
2617,14,16.96888089410228
2618,20,16.820436837476237
2619,17,16.979414995602426
2620,11,16.98044426966416
2621,11,16.68142206810188
2622,21,16.397350976617716
2623,13,16.627483499312405
2624,19,16.44610936010957
2625,17,16.573803880183164
2626,22,16.595113710015863
2627,13,16.865358048356924
2628,17,16.672090181701865
2629,17,16.688485696458628
2630,13,16.704061435477556
2631,13,16.518858399466463
2632,7,16.342915515255925
2633,24,15.875769733532664
2634,20,16.281981294539747
2635,23,16.46788222981276
2636,15,16.79448809448026
2637,10,16.70476368975625
2638,19,16.369525505268435
2639,10,16.501049218084084
2640,7,16.17599675717988
2641,21,15.717196913360421
2642,20,15.981337139217974
2643,19,16.182270282257075
2644,14,16.32315675622329
2645,22,16.206998906491197
2646,9,16.496648985008495
2647,13,16.121816553639462
2648,15,15.965725761720275
2649,17,15.91743947363426
2650,22,15.971567523794405
2651,13,16.272989171446543
2652,19,16.109339748637
2653,22,16.25387274928422
2654,12,16.541179135661864
2655,13,16.314120202720627
2656,11,16.14841422834738
2657,22,15.89099352885094
2658,25,16.19644387625025
2659,15,16.636621682437735
2660,14,16.554790598315847
2661,16,16.427051056479126
2662,11,16.4056985155761
2663,20,16.13541360171822
2664,12,16.32864292163231
2665,15,16.11221079939255
2666,13,16.056600259422922
2667,18,15.903770282214563
2668,21,16.00858180386662
2669,24,16.25815278519886
2670,20,16.64524519362263
2671,23,16.8129829339415
2672,11,17.122333763402565
2673,17,16.816217087153365
2674,16,16.825406256637557
2675,10,16.784135955726605
2676,16,16.444929157940273
2677,17,16.422682711964185
2678,13,16.451548600207833
2679,14,16.278971205960225
2680,27,16.165022633741284
2681,14,16.706771525896077
2682,15,16.571432937680342
2683,23,16.492861290796323
2684,17,16.81821820241465
2685,13,16.827307316135773
2686,13,16.635941986091773
2687,16,16.454144922549972
2688,14,16.4314376883434
2689,18,16.3098657920053
2690,25,16.394372538167822
2691,19,16.824653911259432
2692,11,16.93342120377553
2693,14,16.63675015550768
2694,25,16.504912635811365
2695,25,16.929667004020796
2696,14,17.333183653819756
2697,19,17.16652445920784
2698,20,17.258198224326517
2699,15,17.39528831311019
2700,13,17.27552389745468
2701,14,17.06174773834473
2702,16,16.908660339506564
2703,15,16.863227334452166
2704,14,16.770065967729558
2705,24,16.63156265742215
2706,11,16.99998457223476
2707,21,16.699985355543948
2708,18,16.914986159292326
2709,14,16.969236887090496
2710,17,16.820775030815042
2711,18,16.82973630311615
2712,15,16.88824952372313
2713,27,16.79383704753697
2714,17,17.30414521900198
2715,25,17.28893798189374
2716,24,17.67449108279905
2717,17,17.990766576342814
2718,13,17.94122827136753
2719,21,17.694166893561942
2720,14,17.859458620409416
2721,17,17.666485677468017
2722,14,17.633161417436472
2723,22,17.451503334643718
2724,18,17.67892819175339
2725,18,17.694981817928507
2726,18,17.710232762794867
2727,17,17.72472116041791
2728,23,17.688485126238874
2729,21,17.95406084608507
2730,25,18.10635787530639
2731,15,18.45103998154107
2732,20,18.278487982464014
2733,16,18.364563583340814
2734,15,18.246335416094702
2735,22,18.084018645289966
2736,13,18.279817736867326
2737,20,18.015826885786744
2738,13,18.115035541497406
2739,21,17.85928380018532
2740,21,18.016319681701628
2741,20,18.16550376914212
2742,16,18.257228580685013
2743,30,18.14436716357169
2744,15,18.737148805393105
2745,14,18.55029136512345
2746,15,18.322776784946345
2747,16,18.15663794569903
2748,24,18.048806060335004
2749,12,18.34636580500197
2750,15,18.02904753859373
2751,17,17.877595161664043
2752,15,17.8337154274227
2753,15,17.692029656051563
2754,22,17.557428173248983
2755,15,17.77955678842839
2756,15,17.64057894900697
2757,21,17.50855000155662
2758,20,17.68312257300436
2759,18,17.798966444354143
2760,24,17.80901815789922
2761,17,18.118567297687974
2762,11,18.062638956645433
2763,19,17.70950702073409
2764,14,17.774031657776455
2765,14,17.5853300629667
2766,15,17.406063547897435
2767,19,17.28576037050256
2768,28,17.371472340056503
2769,19,17.902898699211818
2770,18,17.957753752330298
2771,18,17.959866100476567
2772,15,17.961872831215526
2773,13,17.81377918965475
2774,21,17.5730902659348
2775,14,17.74443582416363
2776,8,17.55721402103452
2777,17,17.079353325943256
2778,14,17.07538568348795
2779,15,16.921616387392625
2780,15,16.825535568022993
2781,12,16.73425878962184
2782,21,16.497545873982606
2783,20,16.722668651809048
2784,17,16.886535219218594
2785,27,16.89220848209952
2786,27,17.3975980818364
2787,17,17.877718201586436
2788,25,17.83383231534897
2789,19,18.192140699581522
2790,23,18.232533652681514
2791,12,18.47090694620558
2792,20,18.147361622737158
2793,18,18.2399935416003
2794,20,18.22799390028307
2795,15,18.316594205268917
2796,12,18.150764495005472
2797,20,17.843226294097054
2798,14,17.9510649793922
2799,16,17.75351171850166
2800,19,17.665836144497504
2801,22,17.7325443253517
2802,21,17.945917132925974
2803,18,18.09862134780525
2804,16,18.093690316177774
2805,22,17.989005812289815
2806,21,18.18955554551718
2807,23,18.330077839766894
2808,19,18.56357392393669
2809,29,18.585395215818927
2810,18,19.106125502711695
2811,21,19.050819263338898
2812,15,19.148278371697526
2813,17,18.94086445311265
2814,24,18.843821254298874
2815,13,19.101630239267646
2816,17,18.79654876306705
2817,23,18.706721348755554
2818,25,18.92138525747592
2819,29,19.225315994602123
2820,21,19.714050242555732
2821,15,19.77834780195352
2822,22,19.539430411855843
2823,18,19.662458915104907
2824,14,19.57933600511245
2825,20,19.300369192935896
2826,19,19.3353507332891
2827,15,19.318583184703716
2828,22,19.102654025468528
2829,19,19.24752134803696
2830,22,19.23514526871418
2831,18,19.373388029120328
2832,10,19.304718663427096
2833,22,18.83948273025574
2834,22,18.99750861758481
2835,22,19.147633210547426
2836,19,19.290251573861912
2837,18,19.275738983247887
2838,12,19.21195206984828
2839,18,18.851354490197725
2840,21,18.808786801450626
2841,12,18.918347532903667
2842,12,18.57243018010034
2843,22,18.24380869493718
2844,20,18.431618284032176
2845,14,18.510037369830567
2846,11,18.284535489418108
2847,15,17.920308726868132
2848,18,17.774293290524724
2849,17,17.785578661761274
2850,18,17.746299752515068
2851,20,17.7589848006521
2852,21,17.871035560619497
2853,18,18.027483854114095
2854,15,18.026109697171176
2855,18,17.874804212312615
2856,23,17.88106403745977
2857,18,18.137010811744922
2858,12,18.130160306920462
2859,17,17.823652315416297
2860,17,17.78246972348734
2861,25,17.74334626115483
2862,18,18.10617894809709
2863,9,18.10087003645502
2864,15,17.64582655251366
2865,16,17.513535224887978
2866,14,17.437858475564507
2867,16,17.265965539865352
2868,21,17.20266727479301
2869,16,17.392533982578932
2870,19,17.322907295370914
2871,23,17.40676191868144
2872,18,17.68642379890551
2873,19,17.70210264472302
2874,20,17.76699750056594
2875,16,17.878647625537642
2876,15,17.784715256181688
2877,29,17.6454794933726
2878,19,18.213205566387686
2879,13,18.252545276147373
2880,23,17.98991804810279
2881,28,18.240422121855794
2882,17,18.728400991921145
2883,16,18.641980966166944
2884,18,18.509881929779525
2885,18,18.484387869053336
2886,18,18.460168511363456
2887,13,18.43716012155807
2888,12,18.16530215124295
2889,14,17.85703706752266
2890,13,17.6641852022256
2891,22,17.430975977877107
2892,18,17.65942720282511
2893,11,17.676455878446642
2894,20,17.342633096445237
2895,18,17.475501441622974
2896,18,17.501726405304613
2897,19,17.526640120802167
2898,9,17.60030810284113
2899,13,17.170292715580466
2900,15,16.96177811556423
2901,14,16.863689209786017
2902,13,16.720504737375787
2903,15,16.534479536269785
2904,16,16.457755559456295
2905,9,16.434867793404408
2906,11,16.06312442161558
2907,18,15.809968212455729
2908,16,15.919469837595729
2909,14,15.923496357636871
2910,10,15.827321527834098
2911,15,15.535955451442392
2912,19,15.509157678870272
2913,18,15.683699783005828
2914,13,15.799514829618323
2915,22,15.659539123900192
2916,20,15.976562191547039
2917,15,16.17773408196969
2918,14,16.118847377871205
2919,13,16.012904997056715
2920,11,15.862259782966666
